,nb_label,review_id,appid
0,pos,5273394649,com.midasplayer.apps.candycrushsaga
1,pos,5273271525,com.midasplayer.apps.candycrushsaga
2,pos,5272658314,com.midasplayer.apps.candycrushsaga
3,pos,5272631493,com.midasplayer.apps.candycrushsaga
4,neg,5272620906,com.midasplayer.apps.candycrushsaga
5,pos,5272225375,com.midasplayer.apps.candycrushsaga
6,neg,5272132786,com.midasplayer.apps.candycrushsaga
7,neg,5271857041,com.midasplayer.apps.candycrushsaga
8,pos,5271802422,com.midasplayer.apps.candycrushsaga
9,neg,5271355198,com.midasplayer.apps.candycrushsaga
10,pos,5271193064,com.midasplayer.apps.candycrushsaga
11,pos,5270367612,com.midasplayer.apps.candycrushsaga
12,neg,5270288875,com.midasplayer.apps.candycrushsaga
13,pos,5269938129,com.midasplayer.apps.candycrushsaga
14,neg,5269866545,com.midasplayer.apps.candycrushsaga
15,pos,5269703754,com.midasplayer.apps.candycrushsaga
16,pos,5269611032,com.midasplayer.apps.candycrushsaga
17,pos,5269499304,com.midasplayer.apps.candycrushsaga
18,neg,5269169358,com.midasplayer.apps.candycrushsaga
19,pos,5269008601,com.midasplayer.apps.candycrushsaga
20,neg,5268690736,com.midasplayer.apps.candycrushsaga
21,pos,5268188846,com.midasplayer.apps.candycrushsaga
22,neg,5267912858,com.midasplayer.apps.candycrushsaga
23,neg,5267744101,com.midasplayer.apps.candycrushsaga
24,neg,5267688868,com.midasplayer.apps.candycrushsaga
25,neg,5267657176,com.midasplayer.apps.candycrushsaga
26,neg,5266618623,com.midasplayer.apps.candycrushsaga
27,neg,5266185028,com.midasplayer.apps.candycrushsaga
28,neg,5266107093,com.midasplayer.apps.candycrushsaga
29,pos,5265957352,com.midasplayer.apps.candycrushsaga
30,neg,5265790871,com.midasplayer.apps.candycrushsaga
31,pos,5265715414,com.midasplayer.apps.candycrushsaga
32,neg,5265634854,com.midasplayer.apps.candycrushsaga
33,neg,5265457864,com.midasplayer.apps.candycrushsaga
34,neg,5265446125,com.midasplayer.apps.candycrushsaga
35,neg,5265333135,com.midasplayer.apps.candycrushsaga
36,neg,5265261945,com.midasplayer.apps.candycrushsaga
37,neg,5265070564,com.midasplayer.apps.candycrushsaga
38,neg,5264771460,com.midasplayer.apps.candycrushsaga
39,neg,5264671068,com.midasplayer.apps.candycrushsaga
40,neg,5264470266,com.midasplayer.apps.candycrushsaga
41,pos,5263960457,com.midasplayer.apps.candycrushsaga
42,neg,5263774652,com.midasplayer.apps.candycrushsaga
43,neg,5263268509,com.midasplayer.apps.candycrushsaga
44,pos,5262294575,com.midasplayer.apps.candycrushsaga
45,neg,5261969186,com.midasplayer.apps.candycrushsaga
46,neg,5261249565,com.midasplayer.apps.candycrushsaga
47,neg,5261075953,com.midasplayer.apps.candycrushsaga
48,pos,5260708639,com.midasplayer.apps.candycrushsaga
49,pos,5260686538,com.midasplayer.apps.candycrushsaga
50,neg,5260455610,com.midasplayer.apps.candycrushsaga
51,neg,5260360452,com.midasplayer.apps.candycrushsaga
52,neg,5260077063,com.midasplayer.apps.candycrushsaga
53,neg,5259451464,com.midasplayer.apps.candycrushsaga
54,pos,5258275648,com.midasplayer.apps.candycrushsaga
55,neg,5258018696,com.midasplayer.apps.candycrushsaga
56,pos,5257871287,com.midasplayer.apps.candycrushsaga
57,pos,5257527938,com.midasplayer.apps.candycrushsaga
58,neg,5257502377,com.midasplayer.apps.candycrushsaga
59,neg,5257323088,com.midasplayer.apps.candycrushsaga
60,neg,5256867755,com.midasplayer.apps.candycrushsaga
61,pos,5256785582,com.midasplayer.apps.candycrushsaga
62,pos,5256308272,com.midasplayer.apps.candycrushsaga
63,pos,5256212615,com.midasplayer.apps.candycrushsaga
64,neg,5255981694,com.midasplayer.apps.candycrushsaga
65,neg,5255701083,com.midasplayer.apps.candycrushsaga
66,neg,5254942734,com.midasplayer.apps.candycrushsaga
67,pos,5254734149,com.midasplayer.apps.candycrushsaga
68,pos,5254618464,com.midasplayer.apps.candycrushsaga
69,neg,5254524653,com.midasplayer.apps.candycrushsaga
70,neg,5254520581,com.midasplayer.apps.candycrushsaga
71,pos,5254519983,com.midasplayer.apps.candycrushsaga
72,neg,5254343683,com.midasplayer.apps.candycrushsaga
73,neg,5254228843,com.midasplayer.apps.candycrushsaga
74,neg,5254176598,com.midasplayer.apps.candycrushsaga
75,neg,5254135062,com.midasplayer.apps.candycrushsaga
76,neg,5254020382,com.midasplayer.apps.candycrushsaga
77,pos,5254007627,com.midasplayer.apps.candycrushsaga
78,neg,5254001349,com.midasplayer.apps.candycrushsaga
79,neg,5254000882,com.midasplayer.apps.candycrushsaga
80,neg,5253888276,com.midasplayer.apps.candycrushsaga
81,neg,5253871776,com.midasplayer.apps.candycrushsaga
82,pos,5253679345,com.midasplayer.apps.candycrushsaga
83,neg,5253607881,com.midasplayer.apps.candycrushsaga
84,pos,5253537562,com.midasplayer.apps.candycrushsaga
85,neg,5253369007,com.midasplayer.apps.candycrushsaga
86,pos,5253240702,com.midasplayer.apps.candycrushsaga
87,neg,5253219127,com.midasplayer.apps.candycrushsaga
88,neg,5253198599,com.midasplayer.apps.candycrushsaga
89,neg,5253110948,com.midasplayer.apps.candycrushsaga
90,neg,5253091982,com.midasplayer.apps.candycrushsaga
91,neg,5252968668,com.midasplayer.apps.candycrushsaga
92,neg,5252672012,com.midasplayer.apps.candycrushsaga
93,neg,5252464265,com.midasplayer.apps.candycrushsaga
94,neg,5252339189,com.midasplayer.apps.candycrushsaga
95,neg,5252331414,com.midasplayer.apps.candycrushsaga
96,neg,5252322140,com.midasplayer.apps.candycrushsaga
97,pos,5252069982,com.midasplayer.apps.candycrushsaga
98,neg,5251885814,com.midasplayer.apps.candycrushsaga
99,pos,5251525958,com.midasplayer.apps.candycrushsaga
100,pos,5251490207,com.midasplayer.apps.candycrushsaga
101,neg,5251087553,com.midasplayer.apps.candycrushsaga
102,neg,5251050632,com.midasplayer.apps.candycrushsaga
103,neg,5251013615,com.midasplayer.apps.candycrushsaga
104,pos,5250737045,com.midasplayer.apps.candycrushsaga
105,neg,5250717144,com.midasplayer.apps.candycrushsaga
106,pos,5250525452,com.midasplayer.apps.candycrushsaga
107,neg,5250394168,com.midasplayer.apps.candycrushsaga
108,pos,5250286651,com.midasplayer.apps.candycrushsaga
109,neg,5250248712,com.midasplayer.apps.candycrushsaga
110,pos,5250025863,com.midasplayer.apps.candycrushsaga
111,neg,5249961374,com.midasplayer.apps.candycrushsaga
112,neg,5249653569,com.midasplayer.apps.candycrushsaga
113,neg,5249450837,com.midasplayer.apps.candycrushsaga
114,pos,5249447541,com.midasplayer.apps.candycrushsaga
115,neg,5249377723,com.midasplayer.apps.candycrushsaga
116,neg,5249018548,com.midasplayer.apps.candycrushsaga
117,neg,5248833252,com.midasplayer.apps.candycrushsaga
118,pos,5248804622,com.midasplayer.apps.candycrushsaga
119,neg,5248717619,com.midasplayer.apps.candycrushsaga
120,neg,5248432308,com.midasplayer.apps.candycrushsaga
121,neg,5247233247,com.midasplayer.apps.candycrushsaga
122,neg,5247229381,com.midasplayer.apps.candycrushsaga
123,pos,5246965822,com.midasplayer.apps.candycrushsaga
124,pos,5246842386,com.midasplayer.apps.candycrushsaga
125,neg,5246443403,com.midasplayer.apps.candycrushsaga
126,neg,5246133748,com.midasplayer.apps.candycrushsaga
127,neg,5245771183,com.midasplayer.apps.candycrushsaga
128,pos,5245768733,com.midasplayer.apps.candycrushsaga
129,neg,5245760815,com.midasplayer.apps.candycrushsaga
130,neg,5245602017,com.midasplayer.apps.candycrushsaga
131,neg,5245594297,com.midasplayer.apps.candycrushsaga
132,pos,5245584325,com.midasplayer.apps.candycrushsaga
133,neg,5245560649,com.midasplayer.apps.candycrushsaga
134,neg,5245301081,com.midasplayer.apps.candycrushsaga
135,pos,5245066712,com.midasplayer.apps.candycrushsaga
136,neg,5245004275,com.midasplayer.apps.candycrushsaga
137,neg,5244978258,com.midasplayer.apps.candycrushsaga
138,neg,5244806987,com.midasplayer.apps.candycrushsaga
139,neg,5244764887,com.midasplayer.apps.candycrushsaga
140,neg,5244631712,com.midasplayer.apps.candycrushsaga
141,neg,5244568406,com.midasplayer.apps.candycrushsaga
142,neg,5244490681,com.midasplayer.apps.candycrushsaga
143,neg,5244246003,com.midasplayer.apps.candycrushsaga
144,pos,5243887366,com.midasplayer.apps.candycrushsaga
145,neg,5243716347,com.midasplayer.apps.candycrushsaga
146,neg,5243618060,com.midasplayer.apps.candycrushsaga
147,neg,5243568115,com.midasplayer.apps.candycrushsaga
148,neg,5243202787,com.midasplayer.apps.candycrushsaga
149,pos,5243073215,com.midasplayer.apps.candycrushsaga
150,neg,5242789731,com.midasplayer.apps.candycrushsaga
151,neg,5242674525,com.midasplayer.apps.candycrushsaga
152,neg,5242661048,com.midasplayer.apps.candycrushsaga
153,pos,5242485155,com.midasplayer.apps.candycrushsaga
154,neg,5242318960,com.midasplayer.apps.candycrushsaga
155,pos,5242315014,com.midasplayer.apps.candycrushsaga
156,neg,5242292612,com.midasplayer.apps.candycrushsaga
157,pos,5242283787,com.midasplayer.apps.candycrushsaga
158,pos,5242274272,com.midasplayer.apps.candycrushsaga
159,pos,5242236264,com.midasplayer.apps.candycrushsaga
160,pos,5242157103,com.midasplayer.apps.candycrushsaga
161,neg,5242136511,com.midasplayer.apps.candycrushsaga
162,neg,5241890361,com.midasplayer.apps.candycrushsaga
163,neg,5241595469,com.midasplayer.apps.candycrushsaga
164,neg,5241479144,com.midasplayer.apps.candycrushsaga
165,neg,5241448921,com.midasplayer.apps.candycrushsaga
166,neg,5241445552,com.midasplayer.apps.candycrushsaga
167,neg,5241398381,com.midasplayer.apps.candycrushsaga
168,neg,5241291881,com.midasplayer.apps.candycrushsaga
169,neg,5241229328,com.midasplayer.apps.candycrushsaga
170,neg,5241166677,com.midasplayer.apps.candycrushsaga
171,neg,5241123995,com.midasplayer.apps.candycrushsaga
172,neg,5241064660,com.midasplayer.apps.candycrushsaga
173,neg,5241051445,com.midasplayer.apps.candycrushsaga
174,neg,5240819935,com.midasplayer.apps.candycrushsaga
175,neg,5240760709,com.midasplayer.apps.candycrushsaga
176,pos,5240692767,com.midasplayer.apps.candycrushsaga
177,neg,5240681471,com.midasplayer.apps.candycrushsaga
178,neg,5240601508,com.midasplayer.apps.candycrushsaga
179,neg,5240576765,com.midasplayer.apps.candycrushsaga
180,pos,5240521732,com.midasplayer.apps.candycrushsaga
181,neg,5240444434,com.midasplayer.apps.candycrushsaga
182,neg,5240426890,com.midasplayer.apps.candycrushsaga
183,neg,5240384684,com.midasplayer.apps.candycrushsaga
184,neg,5240338401,com.midasplayer.apps.candycrushsaga
185,neg,5240337902,com.midasplayer.apps.candycrushsaga
186,neg,5240210140,com.midasplayer.apps.candycrushsaga
187,neg,5240101206,com.midasplayer.apps.candycrushsaga
188,neg,5239963436,com.midasplayer.apps.candycrushsaga
189,pos,5239450033,com.midasplayer.apps.candycrushsaga
190,neg,5239208377,com.midasplayer.apps.candycrushsaga
191,neg,5239148120,com.midasplayer.apps.candycrushsaga
192,neg,5239106070,com.midasplayer.apps.candycrushsaga
193,neg,5239022957,com.midasplayer.apps.candycrushsaga
194,neg,5238945997,com.midasplayer.apps.candycrushsaga
195,pos,5238840928,com.midasplayer.apps.candycrushsaga
196,pos,5238755620,com.midasplayer.apps.candycrushsaga
197,pos,5238745157,com.midasplayer.apps.candycrushsaga
198,pos,5238736398,com.midasplayer.apps.candycrushsaga
199,neg,5238722393,com.midasplayer.apps.candycrushsaga
200,neg,5238634017,com.midasplayer.apps.candycrushsaga
201,neg,5238605513,com.midasplayer.apps.candycrushsaga
202,neg,5238526531,com.midasplayer.apps.candycrushsaga
203,neg,5238420532,com.midasplayer.apps.candycrushsaga
204,neg,5238375455,com.midasplayer.apps.candycrushsaga
205,neg,5238365094,com.midasplayer.apps.candycrushsaga
206,neg,5238359499,com.midasplayer.apps.candycrushsaga
207,pos,5238299539,com.midasplayer.apps.candycrushsaga
208,neg,5238168611,com.midasplayer.apps.candycrushsaga
209,neg,5238165429,com.midasplayer.apps.candycrushsaga
210,neg,5238114481,com.midasplayer.apps.candycrushsaga
211,neg,5238109957,com.midasplayer.apps.candycrushsaga
212,neg,5238099612,com.midasplayer.apps.candycrushsaga
213,neg,5238067125,com.midasplayer.apps.candycrushsaga
214,neg,5237969856,com.midasplayer.apps.candycrushsaga
215,neg,5237897892,com.midasplayer.apps.candycrushsaga
216,pos,5237812496,com.midasplayer.apps.candycrushsaga
217,neg,5237810983,com.midasplayer.apps.candycrushsaga
218,neg,5237798110,com.midasplayer.apps.candycrushsaga
219,pos,5237791369,com.midasplayer.apps.candycrushsaga
220,neg,5237778984,com.midasplayer.apps.candycrushsaga
221,neg,5237694666,com.midasplayer.apps.candycrushsaga
222,neg,5237601902,com.midasplayer.apps.candycrushsaga
223,neg,5237587600,com.midasplayer.apps.candycrushsaga
224,pos,5237567785,com.midasplayer.apps.candycrushsaga
225,neg,5237538407,com.midasplayer.apps.candycrushsaga
226,neg,5237524759,com.midasplayer.apps.candycrushsaga
227,neg,5237441766,com.midasplayer.apps.candycrushsaga
228,neg,5237163951,com.midasplayer.apps.candycrushsaga
229,pos,5237158694,com.midasplayer.apps.candycrushsaga
230,neg,5237089551,com.midasplayer.apps.candycrushsaga
231,neg,5237087092,com.midasplayer.apps.candycrushsaga
232,pos,5237020598,com.midasplayer.apps.candycrushsaga
233,pos,5236934695,com.midasplayer.apps.candycrushsaga
234,neg,5236911675,com.midasplayer.apps.candycrushsaga
235,neg,5236825393,com.midasplayer.apps.candycrushsaga
236,neg,5236579038,com.midasplayer.apps.candycrushsaga
237,neg,5236375417,com.midasplayer.apps.candycrushsaga
238,neg,5236053948,com.midasplayer.apps.candycrushsaga
239,pos,5235695530,com.midasplayer.apps.candycrushsaga
240,neg,5235578179,com.midasplayer.apps.candycrushsaga
241,pos,5235476919,com.midasplayer.apps.candycrushsaga
242,neg,5234624884,com.midasplayer.apps.candycrushsaga
243,pos,5234141842,com.midasplayer.apps.candycrushsaga
244,pos,5234005026,com.midasplayer.apps.candycrushsaga
245,pos,5233732804,com.midasplayer.apps.candycrushsaga
246,neg,5233625377,com.midasplayer.apps.candycrushsaga
247,pos,5231982468,com.midasplayer.apps.candycrushsaga
248,neg,5231427731,com.midasplayer.apps.candycrushsaga
249,pos,5231168934,com.midasplayer.apps.candycrushsaga
250,neg,5231427731,com.midasplayer.apps.candycrushsaga
251,pos,5231168934,com.midasplayer.apps.candycrushsaga
252,pos,5230849537,com.midasplayer.apps.candycrushsaga
253,pos,5230685370,com.midasplayer.apps.candycrushsaga
254,pos,5230416989,com.midasplayer.apps.candycrushsaga
255,pos,5229902328,com.midasplayer.apps.candycrushsaga
256,pos,5229521752,com.midasplayer.apps.candycrushsaga
257,pos,5229429667,com.midasplayer.apps.candycrushsaga
258,pos,5229360689,com.midasplayer.apps.candycrushsaga
259,pos,5228785293,com.midasplayer.apps.candycrushsaga
260,pos,5228470866,com.midasplayer.apps.candycrushsaga
261,neg,5227927756,com.midasplayer.apps.candycrushsaga
262,neg,5227191827,com.midasplayer.apps.candycrushsaga
263,neg,5227184595,com.midasplayer.apps.candycrushsaga
264,pos,5227070368,com.midasplayer.apps.candycrushsaga
265,neg,5227029922,com.midasplayer.apps.candycrushsaga
266,neg,5226901241,com.midasplayer.apps.candycrushsaga
267,pos,5226441564,com.midasplayer.apps.candycrushsaga
268,neg,5226410747,com.midasplayer.apps.candycrushsaga
269,neg,5226393432,com.midasplayer.apps.candycrushsaga
270,neg,5225723429,com.midasplayer.apps.candycrushsaga
271,pos,5225139561,com.midasplayer.apps.candycrushsaga
272,neg,5224793559,com.midasplayer.apps.candycrushsaga
273,pos,5223351263,com.midasplayer.apps.candycrushsaga
274,pos,5223149341,com.midasplayer.apps.candycrushsaga
275,pos,5222576959,com.midasplayer.apps.candycrushsaga
276,pos,5222380145,com.midasplayer.apps.candycrushsaga
277,pos,5222202132,com.midasplayer.apps.candycrushsaga
278,pos,5221922919,com.midasplayer.apps.candycrushsaga
279,neg,5221067168,com.midasplayer.apps.candycrushsaga
280,neg,5219751422,com.midasplayer.apps.candycrushsaga
281,neg,5219716002,com.midasplayer.apps.candycrushsaga
282,pos,5219397382,com.midasplayer.apps.candycrushsaga
283,pos,5219380332,com.midasplayer.apps.candycrushsaga
284,pos,5219144708,com.midasplayer.apps.candycrushsaga
285,neg,5219054419,com.midasplayer.apps.candycrushsaga
286,pos,5218977471,com.midasplayer.apps.candycrushsaga
287,pos,5218551108,com.midasplayer.apps.candycrushsaga
288,pos,5218537858,com.midasplayer.apps.candycrushsaga
289,neg,5218445512,com.midasplayer.apps.candycrushsaga
290,pos,5218354095,com.midasplayer.apps.candycrushsaga
291,pos,5218149680,com.midasplayer.apps.candycrushsaga
292,pos,5218031794,com.midasplayer.apps.candycrushsaga
293,pos,5217348616,com.midasplayer.apps.candycrushsaga
294,pos,5216477965,com.midasplayer.apps.candycrushsaga
295,neg,5214977101,com.midasplayer.apps.candycrushsaga
296,pos,5214655973,com.midasplayer.apps.candycrushsaga
297,pos,5214430618,com.midasplayer.apps.candycrushsaga
298,pos,5214380054,com.midasplayer.apps.candycrushsaga
299,pos,5214264556,com.midasplayer.apps.candycrushsaga
300,neg,5214160356,com.midasplayer.apps.candycrushsaga
301,neg,5213873921,com.midasplayer.apps.candycrushsaga
302,pos,5213552338,com.midasplayer.apps.candycrushsaga
303,pos,5213068194,com.midasplayer.apps.candycrushsaga
304,pos,5213059672,com.midasplayer.apps.candycrushsaga
305,neg,5213032935,com.midasplayer.apps.candycrushsaga
306,pos,5212772261,com.midasplayer.apps.candycrushsaga
307,pos,5212623559,com.midasplayer.apps.candycrushsaga
308,pos,5212506327,com.midasplayer.apps.candycrushsaga
309,neg,5212283251,com.midasplayer.apps.candycrushsaga
310,neg,5212023480,com.midasplayer.apps.candycrushsaga
311,neg,5211462776,com.midasplayer.apps.candycrushsaga
312,pos,5210601090,com.midasplayer.apps.candycrushsaga
313,pos,5210489415,com.midasplayer.apps.candycrushsaga
314,pos,5210142958,com.midasplayer.apps.candycrushsaga
315,pos,5209617025,com.midasplayer.apps.candycrushsaga
316,pos,5209428517,com.midasplayer.apps.candycrushsaga
317,neg,5209000138,com.midasplayer.apps.candycrushsaga
318,neg,5208545362,com.midasplayer.apps.candycrushsaga
319,pos,5207989088,com.midasplayer.apps.candycrushsaga
320,neg,5207411653,com.midasplayer.apps.candycrushsaga
321,neg,5207395723,com.midasplayer.apps.candycrushsaga
322,pos,5207301232,com.midasplayer.apps.candycrushsaga
323,pos,5206806959,com.midasplayer.apps.candycrushsaga
324,pos,5205901123,com.midasplayer.apps.candycrushsaga
325,neg,5205767132,com.midasplayer.apps.candycrushsaga
326,neg,5204962921,com.midasplayer.apps.candycrushsaga
327,pos,5204746363,com.midasplayer.apps.candycrushsaga
328,pos,5204362685,com.midasplayer.apps.candycrushsaga
329,neg,5204176051,com.midasplayer.apps.candycrushsaga
330,pos,5203899933,com.midasplayer.apps.candycrushsaga
331,neg,5203498062,com.midasplayer.apps.candycrushsaga
332,pos,5203446971,com.midasplayer.apps.candycrushsaga
333,neg,5203037868,com.midasplayer.apps.candycrushsaga
334,pos,5203029803,com.midasplayer.apps.candycrushsaga
335,pos,5202766442,com.midasplayer.apps.candycrushsaga
336,pos,5202026680,com.midasplayer.apps.candycrushsaga
337,pos,5202024565,com.midasplayer.apps.candycrushsaga
338,pos,5201785058,com.midasplayer.apps.candycrushsaga
339,pos,5201118091,com.midasplayer.apps.candycrushsaga
340,pos,5201068686,com.midasplayer.apps.candycrushsaga
341,neg,5200042148,com.midasplayer.apps.candycrushsaga
342,neg,5199784548,com.midasplayer.apps.candycrushsaga
343,neg,5199770678,com.midasplayer.apps.candycrushsaga
344,pos,5199447959,com.midasplayer.apps.candycrushsaga
345,neg,5199050704,com.midasplayer.apps.candycrushsaga
346,neg,5198844534,com.midasplayer.apps.candycrushsaga
347,pos,5198075178,com.midasplayer.apps.candycrushsaga
348,neg,5197849051,com.midasplayer.apps.candycrushsaga
349,pos,5197829961,com.midasplayer.apps.candycrushsaga
350,pos,5197602301,com.midasplayer.apps.candycrushsaga
351,pos,5196722748,com.midasplayer.apps.candycrushsaga
352,pos,5196400707,com.midasplayer.apps.candycrushsaga
353,pos,5196400627,com.midasplayer.apps.candycrushsaga
354,pos,5196107443,com.midasplayer.apps.candycrushsaga
355,neg,5195131697,com.midasplayer.apps.candycrushsaga
356,pos,5194197281,com.midasplayer.apps.candycrushsaga
357,pos,5194169636,com.midasplayer.apps.candycrushsaga
358,pos,5193957783,com.midasplayer.apps.candycrushsaga
359,pos,5193855946,com.midasplayer.apps.candycrushsaga
360,pos,5193789095,com.midasplayer.apps.candycrushsaga
361,pos,5193722344,com.midasplayer.apps.candycrushsaga
362,pos,5193696438,com.midasplayer.apps.candycrushsaga
363,pos,5193678918,com.midasplayer.apps.candycrushsaga
364,neg,5193660143,com.midasplayer.apps.candycrushsaga
365,pos,5193541791,com.midasplayer.apps.candycrushsaga
366,neg,5193428319,com.midasplayer.apps.candycrushsaga
367,neg,5193339352,com.midasplayer.apps.candycrushsaga
368,pos,5193136460,com.midasplayer.apps.candycrushsaga
369,pos,5193090579,com.midasplayer.apps.candycrushsaga
370,pos,5192993622,com.midasplayer.apps.candycrushsaga
371,pos,5192654067,com.midasplayer.apps.candycrushsaga
372,neg,5192277366,com.midasplayer.apps.candycrushsaga
373,pos,5192114828,com.midasplayer.apps.candycrushsaga
374,neg,5191540417,com.midasplayer.apps.candycrushsaga
375,pos,5191512670,com.midasplayer.apps.candycrushsaga
376,pos,5191343299,com.midasplayer.apps.candycrushsaga
377,neg,5190927216,com.midasplayer.apps.candycrushsaga
378,pos,5190265294,com.midasplayer.apps.candycrushsaga
379,neg,5190071033,com.midasplayer.apps.candycrushsaga
380,pos,5189898759,com.midasplayer.apps.candycrushsaga
381,neg,5189579625,com.midasplayer.apps.candycrushsaga
382,pos,5189407917,com.midasplayer.apps.candycrushsaga
383,pos,5188868430,com.midasplayer.apps.candycrushsaga
384,neg,5188808337,com.midasplayer.apps.candycrushsaga
385,pos,5188644677,com.midasplayer.apps.candycrushsaga
386,pos,5188059147,com.midasplayer.apps.candycrushsaga
387,pos,5187115115,com.midasplayer.apps.candycrushsaga
388,pos,5186841912,com.midasplayer.apps.candycrushsaga
389,pos,5185341428,com.midasplayer.apps.candycrushsaga
390,neg,5184933177,com.midasplayer.apps.candycrushsaga
391,pos,5184761781,com.midasplayer.apps.candycrushsaga
392,pos,5184750795,com.midasplayer.apps.candycrushsaga
393,pos,5184508543,com.midasplayer.apps.candycrushsaga
394,pos,5184306364,com.midasplayer.apps.candycrushsaga
395,pos,5183884507,com.midasplayer.apps.candycrushsaga
396,neg,5183595598,com.midasplayer.apps.candycrushsaga
397,neg,5182977527,com.midasplayer.apps.candycrushsaga
398,neg,5182257609,com.midasplayer.apps.candycrushsaga
399,pos,5181843553,com.midasplayer.apps.candycrushsaga
400,pos,5179345444,com.midasplayer.apps.candycrushsaga
401,pos,5179086889,com.midasplayer.apps.candycrushsaga
402,pos,5178787181,com.midasplayer.apps.candycrushsaga
403,pos,5178598892,com.midasplayer.apps.candycrushsaga
404,pos,5178382328,com.midasplayer.apps.candycrushsaga
405,neg,5177364538,com.midasplayer.apps.candycrushsaga
406,neg,5176925485,com.midasplayer.apps.candycrushsaga
407,neg,5176764192,com.midasplayer.apps.candycrushsaga
408,pos,5176659048,com.midasplayer.apps.candycrushsaga
409,neg,5175347746,com.midasplayer.apps.candycrushsaga
410,pos,5175080794,com.midasplayer.apps.candycrushsaga
411,pos,5174871610,com.midasplayer.apps.candycrushsaga
412,pos,5174772237,com.midasplayer.apps.candycrushsaga
413,neg,5172954966,com.midasplayer.apps.candycrushsaga
414,pos,5172246491,com.midasplayer.apps.candycrushsaga
415,neg,5171844128,com.midasplayer.apps.candycrushsaga
416,pos,5170878744,com.midasplayer.apps.candycrushsaga
417,neg,5170826966,com.midasplayer.apps.candycrushsaga
418,pos,5170738147,com.midasplayer.apps.candycrushsaga
419,neg,5170647205,com.midasplayer.apps.candycrushsaga
420,pos,5170591602,com.midasplayer.apps.candycrushsaga
421,neg,5170460495,com.midasplayer.apps.candycrushsaga
422,pos,5169239182,com.midasplayer.apps.candycrushsaga
423,pos,5169215590,com.midasplayer.apps.candycrushsaga
424,neg,5168987739,com.midasplayer.apps.candycrushsaga
425,neg,5168748198,com.midasplayer.apps.candycrushsaga
426,pos,5168723262,com.midasplayer.apps.candycrushsaga
427,pos,5168571259,com.midasplayer.apps.candycrushsaga
428,pos,5167570208,com.midasplayer.apps.candycrushsaga
429,pos,5166794083,com.midasplayer.apps.candycrushsaga
430,pos,5166720570,com.midasplayer.apps.candycrushsaga
431,pos,5166719859,com.midasplayer.apps.candycrushsaga
432,neg,5166644185,com.midasplayer.apps.candycrushsaga
433,pos,5166643970,com.midasplayer.apps.candycrushsaga
434,pos,5165489046,com.midasplayer.apps.candycrushsaga
435,neg,5165356798,com.midasplayer.apps.candycrushsaga
436,pos,5162407356,com.midasplayer.apps.candycrushsaga
437,neg,5162207698,com.midasplayer.apps.candycrushsaga
438,pos,5161974050,com.midasplayer.apps.candycrushsaga
439,pos,5161289980,com.midasplayer.apps.candycrushsaga
440,pos,5161135630,com.midasplayer.apps.candycrushsaga
441,neg,5160731447,com.midasplayer.apps.candycrushsaga
442,neg,5160164659,com.midasplayer.apps.candycrushsaga
443,pos,5159924413,com.midasplayer.apps.candycrushsaga
444,pos,5159621062,com.midasplayer.apps.candycrushsaga
445,neg,5159406625,com.midasplayer.apps.candycrushsaga
446,pos,5159393205,com.midasplayer.apps.candycrushsaga
447,neg,5158915090,com.midasplayer.apps.candycrushsaga
448,pos,5156230282,com.midasplayer.apps.candycrushsaga
449,pos,5155725448,com.midasplayer.apps.candycrushsaga
450,pos,5155725448,com.midasplayer.apps.candycrushsaga
451,pos,5155471036,com.midasplayer.apps.candycrushsaga
452,pos,5154728715,com.midasplayer.apps.candycrushsaga
453,neg,5154726397,com.midasplayer.apps.candycrushsaga
454,pos,5154512258,com.midasplayer.apps.candycrushsaga
455,pos,5154006495,com.midasplayer.apps.candycrushsaga
456,pos,5153800666,com.midasplayer.apps.candycrushsaga
457,pos,5147360850,com.midasplayer.apps.candycrushsaga
458,pos,5146975753,com.midasplayer.apps.candycrushsaga
459,pos,5146580436,com.midasplayer.apps.candycrushsaga
460,pos,5146117899,com.midasplayer.apps.candycrushsaga
461,pos,5145563031,com.midasplayer.apps.candycrushsaga
462,pos,5144995776,com.midasplayer.apps.candycrushsaga
463,pos,5144609188,com.midasplayer.apps.candycrushsaga
464,pos,5144396165,com.midasplayer.apps.candycrushsaga
465,neg,5144354268,com.midasplayer.apps.candycrushsaga
466,pos,5141343799,com.midasplayer.apps.candycrushsaga
467,pos,5140097720,com.midasplayer.apps.candycrushsaga
468,neg,5139750046,com.midasplayer.apps.candycrushsaga
469,neg,5139673126,com.midasplayer.apps.candycrushsaga
470,neg,5139564142,com.midasplayer.apps.candycrushsaga
471,pos,5139556784,com.midasplayer.apps.candycrushsaga
472,pos,5139411621,com.midasplayer.apps.candycrushsaga
473,pos,5138940708,com.midasplayer.apps.candycrushsaga
474,pos,5137940901,com.midasplayer.apps.candycrushsaga
475,pos,5136310184,com.midasplayer.apps.candycrushsaga
476,neg,5135279717,com.midasplayer.apps.candycrushsaga
477,pos,5134654926,com.midasplayer.apps.candycrushsaga
478,pos,5134613267,com.midasplayer.apps.candycrushsaga
479,pos,5134317346,com.midasplayer.apps.candycrushsaga
480,pos,5134143862,com.midasplayer.apps.candycrushsaga
481,pos,5134045701,com.midasplayer.apps.candycrushsaga
482,pos,5133834061,com.midasplayer.apps.candycrushsaga
483,pos,5133684656,com.midasplayer.apps.candycrushsaga
484,neg,5133436814,com.midasplayer.apps.candycrushsaga
485,pos,5133245664,com.midasplayer.apps.candycrushsaga
486,pos,5132601161,com.midasplayer.apps.candycrushsaga
487,neg,5132395072,com.midasplayer.apps.candycrushsaga
488,pos,5130358662,com.midasplayer.apps.candycrushsaga
489,neg,5130259579,com.midasplayer.apps.candycrushsaga
490,neg,5130152308,com.midasplayer.apps.candycrushsaga
491,pos,5130085483,com.midasplayer.apps.candycrushsaga
492,neg,5129778882,com.midasplayer.apps.candycrushsaga
493,pos,5129010342,com.midasplayer.apps.candycrushsaga
494,neg,5126764134,com.midasplayer.apps.candycrushsaga
495,pos,5126324943,com.midasplayer.apps.candycrushsaga
496,pos,5126228726,com.midasplayer.apps.candycrushsaga
497,pos,5126153695,com.midasplayer.apps.candycrushsaga
498,neg,5126003246,com.midasplayer.apps.candycrushsaga
499,pos,5125862216,com.midasplayer.apps.candycrushsaga
500,neg,5272769949,com.ohmgames.smashthemall
501,neg,5272703172,com.ohmgames.smashthemall
502,neg,5272685043,com.ohmgames.smashthemall
503,pos,5272647084,com.ohmgames.smashthemall
504,neg,5272638765,com.ohmgames.smashthemall
505,pos,5272565110,com.ohmgames.smashthemall
506,pos,5272512062,com.ohmgames.smashthemall
507,pos,5272475277,com.ohmgames.smashthemall
508,pos,5272465452,com.ohmgames.smashthemall
509,neg,5272417879,com.ohmgames.smashthemall
510,pos,5272411446,com.ohmgames.smashthemall
511,neg,5272400114,com.ohmgames.smashthemall
512,neg,5271891311,com.ohmgames.smashthemall
513,neg,5271796564,com.ohmgames.smashthemall
514,neg,5271740012,com.ohmgames.smashthemall
515,neg,5271647429,com.ohmgames.smashthemall
516,pos,5271598485,com.ohmgames.smashthemall
517,pos,5271012839,com.ohmgames.smashthemall
518,neg,5270708311,com.ohmgames.smashthemall
519,neg,5270207402,com.ohmgames.smashthemall
520,neg,5270184292,com.ohmgames.smashthemall
521,pos,5270090063,com.ohmgames.smashthemall
522,neg,5270045085,com.ohmgames.smashthemall
523,pos,5269991880,com.ohmgames.smashthemall
524,neg,5269942789,com.ohmgames.smashthemall
525,neg,5269925505,com.ohmgames.smashthemall
526,neg,5269883908,com.ohmgames.smashthemall
527,neg,5269701074,com.ohmgames.smashthemall
528,pos,5269570719,com.ohmgames.smashthemall
529,pos,5269569837,com.ohmgames.smashthemall
530,pos,5269509879,com.ohmgames.smashthemall
531,neg,5269498150,com.ohmgames.smashthemall
532,pos,5269491581,com.ohmgames.smashthemall
533,neg,5269461132,com.ohmgames.smashthemall
534,neg,5269396814,com.ohmgames.smashthemall
535,pos,5269341878,com.ohmgames.smashthemall
536,pos,5269134602,com.ohmgames.smashthemall
537,pos,5269133475,com.ohmgames.smashthemall
538,neg,5268960333,com.ohmgames.smashthemall
539,pos,5268383599,com.ohmgames.smashthemall
540,neg,5268243833,com.ohmgames.smashthemall
541,neg,5268146236,com.ohmgames.smashthemall
542,neg,5268059023,com.ohmgames.smashthemall
543,neg,5267723197,com.ohmgames.smashthemall
544,neg,5267666561,com.ohmgames.smashthemall
545,neg,5267376154,com.ohmgames.smashthemall
546,pos,5267286243,com.ohmgames.smashthemall
547,neg,5266905927,com.ohmgames.smashthemall
548,neg,5266294138,com.ohmgames.smashthemall
549,neg,5266124451,com.ohmgames.smashthemall
550,neg,5266036689,com.ohmgames.smashthemall
551,neg,5265977764,com.ohmgames.smashthemall
552,pos,5265958512,com.ohmgames.smashthemall
553,neg,5265862191,com.ohmgames.smashthemall
554,neg,5265861802,com.ohmgames.smashthemall
555,neg,5265792590,com.ohmgames.smashthemall
556,neg,5265754637,com.ohmgames.smashthemall
557,pos,5265702159,com.ohmgames.smashthemall
558,neg,5265682672,com.ohmgames.smashthemall
559,neg,5265569073,com.ohmgames.smashthemall
560,pos,5265371309,com.ohmgames.smashthemall
561,neg,5265304185,com.ohmgames.smashthemall
562,neg,5265251598,com.ohmgames.smashthemall
563,pos,5265152971,com.ohmgames.smashthemall
564,neg,5265131491,com.ohmgames.smashthemall
565,pos,5265066274,com.ohmgames.smashthemall
566,pos,5265038245,com.ohmgames.smashthemall
567,neg,5264737418,com.ohmgames.smashthemall
568,neg,5264721066,com.ohmgames.smashthemall
569,neg,5264395268,com.ohmgames.smashthemall
570,pos,5264347507,com.ohmgames.smashthemall
571,pos,5264010971,com.ohmgames.smashthemall
572,pos,5263731667,com.ohmgames.smashthemall
573,pos,5262730644,com.ohmgames.smashthemall
574,neg,5262111803,com.ohmgames.smashthemall
575,neg,5262014279,com.ohmgames.smashthemall
576,neg,5261702418,com.ohmgames.smashthemall
577,pos,5261690611,com.ohmgames.smashthemall
578,neg,5261683748,com.ohmgames.smashthemall
579,pos,5261580677,com.ohmgames.smashthemall
580,pos,5261567603,com.ohmgames.smashthemall
581,neg,5261523197,com.ohmgames.smashthemall
582,pos,5261518360,com.ohmgames.smashthemall
583,neg,5261484180,com.ohmgames.smashthemall
584,neg,5261314071,com.ohmgames.smashthemall
585,pos,5261296578,com.ohmgames.smashthemall
586,neg,5261191985,com.ohmgames.smashthemall
587,pos,5261110832,com.ohmgames.smashthemall
588,pos,5261020612,com.ohmgames.smashthemall
589,neg,5260946220,com.ohmgames.smashthemall
590,neg,5260749838,com.ohmgames.smashthemall
591,pos,5260635157,com.ohmgames.smashthemall
592,neg,5260406133,com.ohmgames.smashthemall
593,neg,5260298231,com.ohmgames.smashthemall
594,neg,5260244909,com.ohmgames.smashthemall
595,neg,5260194797,com.ohmgames.smashthemall
596,neg,5259974970,com.ohmgames.smashthemall
597,neg,5259880369,com.ohmgames.smashthemall
598,pos,5259338960,com.ohmgames.smashthemall
599,neg,5258913238,com.ohmgames.smashthemall
600,pos,5258884825,com.ohmgames.smashthemall
601,neg,5258410043,com.ohmgames.smashthemall
602,neg,5258143922,com.ohmgames.smashthemall
603,pos,5258000647,com.ohmgames.smashthemall
604,neg,5257924286,com.ohmgames.smashthemall
605,neg,5257779291,com.ohmgames.smashthemall
606,pos,5257760269,com.ohmgames.smashthemall
607,neg,5257730461,com.ohmgames.smashthemall
608,neg,5257717954,com.ohmgames.smashthemall
609,neg,5257715756,com.ohmgames.smashthemall
610,pos,5257641337,com.ohmgames.smashthemall
611,neg,5257598591,com.ohmgames.smashthemall
612,neg,5257591920,com.ohmgames.smashthemall
613,pos,5257549573,com.ohmgames.smashthemall
614,pos,5257485667,com.ohmgames.smashthemall
615,pos,5257447162,com.ohmgames.smashthemall
616,pos,5257436747,com.ohmgames.smashthemall
617,pos,5257435489,com.ohmgames.smashthemall
618,pos,5257385196,com.ohmgames.smashthemall
619,neg,5257299522,com.ohmgames.smashthemall
620,neg,5257174911,com.ohmgames.smashthemall
621,pos,5257041217,com.ohmgames.smashthemall
622,pos,5256918492,com.ohmgames.smashthemall
623,neg,5256717172,com.ohmgames.smashthemall
624,neg,5256359581,com.ohmgames.smashthemall
625,neg,5256186229,com.ohmgames.smashthemall
626,pos,5255994051,com.ohmgames.smashthemall
627,neg,5255879364,com.ohmgames.smashthemall
628,pos,5255704137,com.ohmgames.smashthemall
629,neg,5255663742,com.ohmgames.smashthemall
630,pos,5255599187,com.ohmgames.smashthemall
631,neg,5255576452,com.ohmgames.smashthemall
632,neg,5255531916,com.ohmgames.smashthemall
633,pos,5255481529,com.ohmgames.smashthemall
634,neg,5255441726,com.ohmgames.smashthemall
635,pos,5255396884,com.ohmgames.smashthemall
636,neg,5255107302,com.ohmgames.smashthemall
637,pos,5254992795,com.ohmgames.smashthemall
638,neg,5254469170,com.ohmgames.smashthemall
639,neg,5254447572,com.ohmgames.smashthemall
640,pos,5254377567,com.ohmgames.smashthemall
641,neg,5254236631,com.ohmgames.smashthemall
642,pos,5254132182,com.ohmgames.smashthemall
643,neg,5254034304,com.ohmgames.smashthemall
644,neg,5253995319,com.ohmgames.smashthemall
645,neg,5253895408,com.ohmgames.smashthemall
646,pos,5253802775,com.ohmgames.smashthemall
647,pos,5253733690,com.ohmgames.smashthemall
648,pos,5253732993,com.ohmgames.smashthemall
649,neg,5253694456,com.ohmgames.smashthemall
650,pos,5253562512,com.ohmgames.smashthemall
651,neg,5253554557,com.ohmgames.smashthemall
652,pos,5253484017,com.ohmgames.smashthemall
653,neg,5253458919,com.ohmgames.smashthemall
654,pos,5253456598,com.ohmgames.smashthemall
655,pos,5253115622,com.ohmgames.smashthemall
656,neg,5253109949,com.ohmgames.smashthemall
657,neg,5252754478,com.ohmgames.smashthemall
658,neg,5252672166,com.ohmgames.smashthemall
659,neg,5252551676,com.ohmgames.smashthemall
660,neg,5252514489,com.ohmgames.smashthemall
661,neg,5252425614,com.ohmgames.smashthemall
662,neg,5251971374,com.ohmgames.smashthemall
663,neg,5251284390,com.ohmgames.smashthemall
664,neg,5251166656,com.ohmgames.smashthemall
665,neg,5251058627,com.ohmgames.smashthemall
666,neg,5250846170,com.ohmgames.smashthemall
667,neg,5250693507,com.ohmgames.smashthemall
668,neg,5250688945,com.ohmgames.smashthemall
669,pos,5250511676,com.ohmgames.smashthemall
670,pos,5250507874,com.ohmgames.smashthemall
671,neg,5250502900,com.ohmgames.smashthemall
672,neg,5250394893,com.ohmgames.smashthemall
673,neg,5250358098,com.ohmgames.smashthemall
674,neg,5250333915,com.ohmgames.smashthemall
675,pos,5250331995,com.ohmgames.smashthemall
676,neg,5250310533,com.ohmgames.smashthemall
677,neg,5250295437,com.ohmgames.smashthemall
678,neg,5250249179,com.ohmgames.smashthemall
679,pos,5250203934,com.ohmgames.smashthemall
680,neg,5250169877,com.ohmgames.smashthemall
681,pos,5250049659,com.ohmgames.smashthemall
682,neg,5250016898,com.ohmgames.smashthemall
683,neg,5249970853,com.ohmgames.smashthemall
684,neg,5249905145,com.ohmgames.smashthemall
685,neg,5249870239,com.ohmgames.smashthemall
686,neg,5249791397,com.ohmgames.smashthemall
687,neg,5249467885,com.ohmgames.smashthemall
688,pos,5249430564,com.ohmgames.smashthemall
689,neg,5249361421,com.ohmgames.smashthemall
690,neg,5249338762,com.ohmgames.smashthemall
691,neg,5249307352,com.ohmgames.smashthemall
692,pos,5249249909,com.ohmgames.smashthemall
693,neg,5249220487,com.ohmgames.smashthemall
694,neg,5249064654,com.ohmgames.smashthemall
695,pos,5249062473,com.ohmgames.smashthemall
696,neg,5248649875,com.ohmgames.smashthemall
697,neg,5248482482,com.ohmgames.smashthemall
698,neg,5247647176,com.ohmgames.smashthemall
699,pos,5247482197,com.ohmgames.smashthemall
700,pos,5247472042,com.ohmgames.smashthemall
701,neg,5247311775,com.ohmgames.smashthemall
702,neg,5247294196,com.ohmgames.smashthemall
703,neg,5247161235,com.ohmgames.smashthemall
704,pos,5247005190,com.ohmgames.smashthemall
705,neg,5246935260,com.ohmgames.smashthemall
706,neg,5246930821,com.ohmgames.smashthemall
707,pos,5246854286,com.ohmgames.smashthemall
708,pos,5246809759,com.ohmgames.smashthemall
709,neg,5246608501,com.ohmgames.smashthemall
710,pos,5246547594,com.ohmgames.smashthemall
711,neg,5246418321,com.ohmgames.smashthemall
712,neg,5246410620,com.ohmgames.smashthemall
713,neg,5246403816,com.ohmgames.smashthemall
714,neg,5246173266,com.ohmgames.smashthemall
715,pos,5246101232,com.ohmgames.smashthemall
716,neg,5246038999,com.ohmgames.smashthemall
717,neg,5246019999,com.ohmgames.smashthemall
718,neg,5245972362,com.ohmgames.smashthemall
719,neg,5245783904,com.ohmgames.smashthemall
720,pos,5245708534,com.ohmgames.smashthemall
721,pos,5245536418,com.ohmgames.smashthemall
722,pos,5245439051,com.ohmgames.smashthemall
723,pos,5245377925,com.ohmgames.smashthemall
724,neg,5245371543,com.ohmgames.smashthemall
725,pos,5245222862,com.ohmgames.smashthemall
726,pos,5245196284,com.ohmgames.smashthemall
727,neg,5245194511,com.ohmgames.smashthemall
728,neg,5245191522,com.ohmgames.smashthemall
729,pos,5245168876,com.ohmgames.smashthemall
730,neg,5245044235,com.ohmgames.smashthemall
731,pos,5244963830,com.ohmgames.smashthemall
732,neg,5244906557,com.ohmgames.smashthemall
733,neg,5244747346,com.ohmgames.smashthemall
734,pos,5244611423,com.ohmgames.smashthemall
735,pos,5244610458,com.ohmgames.smashthemall
736,neg,5244599496,com.ohmgames.smashthemall
737,neg,5244587437,com.ohmgames.smashthemall
738,neg,5244585320,com.ohmgames.smashthemall
739,neg,5244566021,com.ohmgames.smashthemall
740,neg,5244537897,com.ohmgames.smashthemall
741,neg,5244533151,com.ohmgames.smashthemall
742,neg,5244433941,com.ohmgames.smashthemall
743,neg,5244433443,com.ohmgames.smashthemall
744,neg,5244255288,com.ohmgames.smashthemall
745,neg,5243927733,com.ohmgames.smashthemall
746,neg,5243730696,com.ohmgames.smashthemall
747,neg,5243696028,com.ohmgames.smashthemall
748,neg,5243600634,com.ohmgames.smashthemall
749,neg,5243086740,com.ohmgames.smashthemall
750,neg,5242756756,com.ohmgames.smashthemall
751,neg,5242743814,com.ohmgames.smashthemall
752,neg,5242636116,com.ohmgames.smashthemall
753,neg,5242575898,com.ohmgames.smashthemall
754,pos,5242551160,com.ohmgames.smashthemall
755,neg,5242539523,com.ohmgames.smashthemall
756,pos,5242473598,com.ohmgames.smashthemall
757,pos,5242360641,com.ohmgames.smashthemall
758,neg,5242263133,com.ohmgames.smashthemall
759,neg,5242244528,com.ohmgames.smashthemall
760,neg,5242243792,com.ohmgames.smashthemall
761,neg,5242203881,com.ohmgames.smashthemall
762,pos,5242177661,com.ohmgames.smashthemall
763,neg,5242175698,com.ohmgames.smashthemall
764,neg,5242170507,com.ohmgames.smashthemall
765,pos,5242169884,com.ohmgames.smashthemall
766,neg,5242093717,com.ohmgames.smashthemall
767,neg,5242090853,com.ohmgames.smashthemall
768,neg,5242050977,com.ohmgames.smashthemall
769,neg,5241903646,com.ohmgames.smashthemall
770,neg,5241858977,com.ohmgames.smashthemall
771,neg,5241839932,com.ohmgames.smashthemall
772,neg,5241809023,com.ohmgames.smashthemall
773,neg,5241806867,com.ohmgames.smashthemall
774,neg,5241745578,com.ohmgames.smashthemall
775,neg,5241742436,com.ohmgames.smashthemall
776,neg,5241700699,com.ohmgames.smashthemall
777,neg,5241686796,com.ohmgames.smashthemall
778,pos,5241559994,com.ohmgames.smashthemall
779,neg,5241541916,com.ohmgames.smashthemall
780,neg,5241516543,com.ohmgames.smashthemall
781,neg,5241413053,com.ohmgames.smashthemall
782,neg,5241369654,com.ohmgames.smashthemall
783,neg,5241326631,com.ohmgames.smashthemall
784,neg,5241317493,com.ohmgames.smashthemall
785,neg,5241311456,com.ohmgames.smashthemall
786,neg,5241289387,com.ohmgames.smashthemall
787,neg,5241246984,com.ohmgames.smashthemall
788,neg,5241058356,com.ohmgames.smashthemall
789,neg,5241055292,com.ohmgames.smashthemall
790,neg,5241040926,com.ohmgames.smashthemall
791,neg,5241019606,com.ohmgames.smashthemall
792,neg,5241012954,com.ohmgames.smashthemall
793,neg,5240968035,com.ohmgames.smashthemall
794,neg,5240806817,com.ohmgames.smashthemall
795,neg,5240725150,com.ohmgames.smashthemall
796,pos,5240669659,com.ohmgames.smashthemall
797,neg,5240642613,com.ohmgames.smashthemall
798,neg,5240610557,com.ohmgames.smashthemall
799,neg,5240604399,com.ohmgames.smashthemall
800,neg,5240578259,com.ohmgames.smashthemall
801,neg,5240139543,com.ohmgames.smashthemall
802,neg,5240108394,com.ohmgames.smashthemall
803,neg,5240095939,com.ohmgames.smashthemall
804,neg,5239907109,com.ohmgames.smashthemall
805,neg,5239822861,com.ohmgames.smashthemall
806,neg,5239635959,com.ohmgames.smashthemall
807,neg,5239574781,com.ohmgames.smashthemall
808,neg,5239378134,com.ohmgames.smashthemall
809,neg,5239363797,com.ohmgames.smashthemall
810,neg,5239112023,com.ohmgames.smashthemall
811,neg,5238776947,com.ohmgames.smashthemall
812,neg,5238736138,com.ohmgames.smashthemall
813,neg,5238679490,com.ohmgames.smashthemall
814,neg,5238677233,com.ohmgames.smashthemall
815,neg,5238504838,com.ohmgames.smashthemall
816,neg,5238483760,com.ohmgames.smashthemall
817,neg,5238468839,com.ohmgames.smashthemall
818,neg,5238407138,com.ohmgames.smashthemall
819,pos,5238383976,com.ohmgames.smashthemall
820,neg,5238337483,com.ohmgames.smashthemall
821,neg,5238337021,com.ohmgames.smashthemall
822,neg,5238285856,com.ohmgames.smashthemall
823,pos,5238261988,com.ohmgames.smashthemall
824,pos,5238254099,com.ohmgames.smashthemall
825,neg,5238252942,com.ohmgames.smashthemall
826,pos,5238008054,com.ohmgames.smashthemall
827,neg,5238000506,com.ohmgames.smashthemall
828,pos,5237961279,com.ohmgames.smashthemall
829,pos,5237883760,com.ohmgames.smashthemall
830,neg,5237824455,com.ohmgames.smashthemall
831,neg,5237792302,com.ohmgames.smashthemall
832,neg,5237749415,com.ohmgames.smashthemall
833,pos,5237742006,com.ohmgames.smashthemall
834,pos,5237734618,com.ohmgames.smashthemall
835,pos,5237575495,com.ohmgames.smashthemall
836,neg,5237549984,com.ohmgames.smashthemall
837,pos,5237313008,com.ohmgames.smashthemall
838,neg,5237255140,com.ohmgames.smashthemall
839,pos,5237047102,com.ohmgames.smashthemall
840,neg,5236910119,com.ohmgames.smashthemall
841,neg,5236815665,com.ohmgames.smashthemall
842,neg,5236521627,com.ohmgames.smashthemall
843,neg,5236438162,com.ohmgames.smashthemall
844,neg,5236199604,com.ohmgames.smashthemall
845,neg,5236080036,com.ohmgames.smashthemall
846,neg,5235952832,com.ohmgames.smashthemall
847,pos,5235212355,com.ohmgames.smashthemall
848,neg,5234977479,com.ohmgames.smashthemall
849,neg,5234642484,com.ohmgames.smashthemall
850,neg,5273404173,com.protopiagames.forgeahead
851,pos,5273327980,com.protopiagames.forgeahead
852,pos,5273142141,com.protopiagames.forgeahead
853,pos,5272928632,com.protopiagames.forgeahead
854,neg,5272911987,com.protopiagames.forgeahead
855,pos,5272830268,com.protopiagames.forgeahead
856,pos,5272798711,com.protopiagames.forgeahead
857,pos,5272773165,com.protopiagames.forgeahead
858,pos,5272766840,com.protopiagames.forgeahead
859,pos,5272691450,com.protopiagames.forgeahead
860,neg,5272564348,com.protopiagames.forgeahead
861,pos,5272499127,com.protopiagames.forgeahead
862,neg,5272457034,com.protopiagames.forgeahead
863,neg,5271891830,com.protopiagames.forgeahead
864,pos,5271457602,com.protopiagames.forgeahead
865,pos,5270787638,com.protopiagames.forgeahead
866,pos,5269793345,com.protopiagames.forgeahead
867,pos,5269714734,com.protopiagames.forgeahead
868,neg,5269599587,com.protopiagames.forgeahead
869,pos,5269545478,com.protopiagames.forgeahead
870,pos,5269446151,com.protopiagames.forgeahead
871,neg,5269103572,com.protopiagames.forgeahead
872,neg,5269004939,com.protopiagames.forgeahead
873,neg,5268810673,com.protopiagames.forgeahead
874,neg,5268075930,com.protopiagames.forgeahead
875,pos,5267634755,com.protopiagames.forgeahead
876,pos,5265572702,com.protopiagames.forgeahead
877,pos,5265095975,com.protopiagames.forgeahead
878,neg,5263199878,com.protopiagames.forgeahead
879,neg,5262544131,com.protopiagames.forgeahead
880,neg,5262071330,com.protopiagames.forgeahead
881,pos,5261693990,com.protopiagames.forgeahead
882,pos,5261473780,com.protopiagames.forgeahead
883,pos,5261451329,com.protopiagames.forgeahead
884,neg,5261168874,com.protopiagames.forgeahead
885,pos,5261147167,com.protopiagames.forgeahead
886,pos,5261095766,com.protopiagames.forgeahead
887,pos,5261085699,com.protopiagames.forgeahead
888,neg,5257820703,com.protopiagames.forgeahead
889,pos,5257076588,com.protopiagames.forgeahead
890,pos,5253325427,com.protopiagames.forgeahead
891,neg,5252060381,com.protopiagames.forgeahead
892,neg,5251176106,com.protopiagames.forgeahead
893,pos,5250443709,com.protopiagames.forgeahead
894,pos,5249776108,com.protopiagames.forgeahead
895,pos,5249537810,com.protopiagames.forgeahead
896,pos,5246574758,com.protopiagames.forgeahead
897,pos,5243351146,com.protopiagames.forgeahead
898,neg,5240839385,com.protopiagames.forgeahead
899,pos,5238773215,com.protopiagames.forgeahead
900,neg,5232402501,com.protopiagames.forgeahead
901,pos,5222974678,com.protopiagames.forgeahead
902,pos,5218554993,com.protopiagames.forgeahead
903,neg,5210076767,com.protopiagames.forgeahead
904,pos,5210001931,com.protopiagames.forgeahead
905,pos,5201274130,com.protopiagames.forgeahead
906,pos,5200961976,com.protopiagames.forgeahead
907,neg,5197372412,com.protopiagames.forgeahead
908,neg,5121571149,com.protopiagames.forgeahead
909,pos,5113950627,com.protopiagames.forgeahead
910,pos,5106142641,com.protopiagames.forgeahead
911,pos,5099119678,com.protopiagames.forgeahead
