,app_id,review_id,review_score,vader_neg,vader_neu,vader_pos,vader_compound
0,com.midasplayer.apps.candycrushsaga,5273394649,5,0.069,0.495,0.436,0.9205
1,com.midasplayer.apps.candycrushsaga,5273271525,5,0.038,0.427,0.535,0.9682
2,com.midasplayer.apps.candycrushsaga,5272658314,5,0.033,0.746,0.221,0.807
3,com.midasplayer.apps.candycrushsaga,5272631493,5,0.0,0.494,0.506,0.9545
4,com.midasplayer.apps.candycrushsaga,5272620906,1,0.184,0.725,0.091,-0.8887
5,com.midasplayer.apps.candycrushsaga,5272225375,5,0.139,0.424,0.436,0.7096
6,com.midasplayer.apps.candycrushsaga,5272132786,2,0.156,0.788,0.055,-0.5775
7,com.midasplayer.apps.candycrushsaga,5271857041,1,0.352,0.557,0.091,-0.7847
8,com.midasplayer.apps.candycrushsaga,5271802422,5,0.0,0.321,0.679,0.9509
9,com.midasplayer.apps.candycrushsaga,5271355198,1,0.174,0.713,0.113,-0.3565
10,com.midasplayer.apps.candycrushsaga,5271193064,4,0.0,0.417,0.583,0.6369
11,com.midasplayer.apps.candycrushsaga,5270367612,5,0.0,0.4,0.6,0.7184
12,com.midasplayer.apps.candycrushsaga,5270288875,1,0.128,0.672,0.199,0.555
13,com.midasplayer.apps.candycrushsaga,5269938129,5,0.049,0.525,0.426,0.9042
14,com.midasplayer.apps.candycrushsaga,5269866545,1,0.093,0.739,0.168,0.8962
15,com.midasplayer.apps.candycrushsaga,5269703754,4,0.237,0.653,0.11,-0.5984
16,com.midasplayer.apps.candycrushsaga,5269611032,4,0.166,0.748,0.086,-0.4329
17,com.midasplayer.apps.candycrushsaga,5269499304,2,0.224,0.382,0.394,0.8316
18,com.midasplayer.apps.candycrushsaga,5269169358,1,0.035,0.82,0.145,0.7029
19,com.midasplayer.apps.candycrushsaga,5269008601,5,0.0,0.814,0.186,0.6249
20,com.midasplayer.apps.candycrushsaga,5268690736,1,0.121,0.879,0.0,-0.8378
21,com.midasplayer.apps.candycrushsaga,5268188846,5,0.0,0.108,0.892,0.8519
22,com.midasplayer.apps.candycrushsaga,5267912858,1,0.232,0.614,0.154,-0.6618
23,com.midasplayer.apps.candycrushsaga,5267744101,3,0.154,0.683,0.163,0.1971
24,com.midasplayer.apps.candycrushsaga,5267688868,1,0.122,0.707,0.171,0.4302
25,com.midasplayer.apps.candycrushsaga,5267657176,1,0.0,0.787,0.213,0.9531
26,com.midasplayer.apps.candycrushsaga,5266618623,1,0.237,0.565,0.198,-0.3111
27,com.midasplayer.apps.candycrushsaga,5266185028,1,0.103,0.734,0.163,0.5093
28,com.midasplayer.apps.candycrushsaga,5266107093,1,0.188,0.711,0.101,-0.6118
29,com.midasplayer.apps.candycrushsaga,5265957352,5,0.0,0.194,0.806,0.8519
30,com.midasplayer.apps.candycrushsaga,5265790871,1,0.06,0.826,0.114,0.831
31,com.midasplayer.apps.candycrushsaga,5265715414,5,0.226,0.641,0.133,-0.2244
32,com.midasplayer.apps.candycrushsaga,5265634854,1,0.25,0.429,0.321,0.0
33,com.midasplayer.apps.candycrushsaga,5265457864,1,0.082,0.797,0.121,0.4387
34,com.midasplayer.apps.candycrushsaga,5265446125,1,0.296,0.704,0.0,-0.8653
35,com.midasplayer.apps.candycrushsaga,5265333135,1,0.068,0.796,0.136,0.7695
36,com.midasplayer.apps.candycrushsaga,5265261945,1,0.063,0.744,0.193,0.9942
37,com.midasplayer.apps.candycrushsaga,5265070564,1,0.027,0.763,0.21,0.8957
38,com.midasplayer.apps.candycrushsaga,5264771460,1,0.17,0.639,0.192,0.385
39,com.midasplayer.apps.candycrushsaga,5264671068,1,0.203,0.706,0.091,-0.6015
40,com.midasplayer.apps.candycrushsaga,5264470266,2,0.112,0.712,0.176,0.6152
41,com.midasplayer.apps.candycrushsaga,5263960457,4,0.147,0.853,0.0,-0.3412
42,com.midasplayer.apps.candycrushsaga,5263774652,1,0.064,0.855,0.081,0.3674
43,com.midasplayer.apps.candycrushsaga,5263268509,1,0.152,0.777,0.07,-0.6597
44,com.midasplayer.apps.candycrushsaga,5262294575,5,0.0,0.357,0.643,0.8402
45,com.midasplayer.apps.candycrushsaga,5261969186,2,0.181,0.744,0.074,-0.8025
46,com.midasplayer.apps.candycrushsaga,5261249565,1,0.0,0.909,0.091,0.4939
47,com.midasplayer.apps.candycrushsaga,5261075953,1,0.159,0.667,0.174,-0.2576
48,com.midasplayer.apps.candycrushsaga,5260708639,5,0.0,0.619,0.381,0.7906
49,com.midasplayer.apps.candycrushsaga,5260686538,5,0.0,0.448,0.552,0.5719
50,com.midasplayer.apps.candycrushsaga,5260455610,1,0.093,0.802,0.104,-0.3816
51,com.midasplayer.apps.candycrushsaga,5260360452,1,0.07,0.698,0.232,0.5411
52,com.midasplayer.apps.candycrushsaga,5260077063,1,0.092,0.798,0.11,0.3605
53,com.midasplayer.apps.candycrushsaga,5259451464,3,0.223,0.621,0.157,-0.7861
54,com.midasplayer.apps.candycrushsaga,5258275648,4,0.066,0.646,0.288,0.9838
55,com.midasplayer.apps.candycrushsaga,5258018696,1,0.042,0.764,0.194,0.7345
56,com.midasplayer.apps.candycrushsaga,5257871287,5,0.0,0.225,0.775,0.7841
57,com.midasplayer.apps.candycrushsaga,5257527938,4,0.06,0.591,0.348,0.9042
58,com.midasplayer.apps.candycrushsaga,5257502377,2,0.091,0.641,0.267,0.9302
59,com.midasplayer.apps.candycrushsaga,5257323088,1,0.119,0.881,0.0,-0.7635
60,com.midasplayer.apps.candycrushsaga,5256867755,1,0.132,0.719,0.149,0.9483
61,com.midasplayer.apps.candycrushsaga,5256785582,5,0.0,0.382,0.618,0.7568
62,com.midasplayer.apps.candycrushsaga,5256308272,3,0.0,1.0,0.0,0.0
63,com.midasplayer.apps.candycrushsaga,5256212615,4,0.0,0.0,1.0,0.5106
64,com.midasplayer.apps.candycrushsaga,5255981694,1,0.167,0.833,0.0,-0.7783
65,com.midasplayer.apps.candycrushsaga,5255701083,1,0.205,0.759,0.036,-0.8169
66,com.midasplayer.apps.candycrushsaga,5254942734,1,0.084,0.749,0.166,0.803
67,com.midasplayer.apps.candycrushsaga,5254734149,5,0.0,0.264,0.736,0.9037
68,com.midasplayer.apps.candycrushsaga,5254618464,5,0.078,0.819,0.103,0.1779
69,com.midasplayer.apps.candycrushsaga,5254524653,1,0.13,0.717,0.153,0.4474
70,com.midasplayer.apps.candycrushsaga,5254520581,3,0.083,0.642,0.275,0.6495
71,com.midasplayer.apps.candycrushsaga,5254519983,5,0.239,0.761,0.0,-0.296
72,com.midasplayer.apps.candycrushsaga,5254343683,3,0.171,0.697,0.132,-0.2714
73,com.midasplayer.apps.candycrushsaga,5254228843,1,0.157,0.628,0.214,-0.0793
74,com.midasplayer.apps.candycrushsaga,5254176598,2,0.0,0.801,0.199,0.7717
75,com.midasplayer.apps.candycrushsaga,5254135062,1,0.099,0.699,0.202,0.4215
76,com.midasplayer.apps.candycrushsaga,5254020382,1,0.28,0.72,0.0,-0.8439
77,com.midasplayer.apps.candycrushsaga,5254007627,5,0.051,0.726,0.223,0.8729
78,com.midasplayer.apps.candycrushsaga,5254001349,1,0.135,0.598,0.266,0.9345
79,com.midasplayer.apps.candycrushsaga,5254000882,1,0.0,0.669,0.331,0.813
80,com.midasplayer.apps.candycrushsaga,5253888276,1,0.065,0.827,0.107,0.8395
81,com.midasplayer.apps.candycrushsaga,5253871776,2,0.199,0.679,0.122,-0.758
82,com.midasplayer.apps.candycrushsaga,5253679345,5,0.0,0.328,0.672,0.6249
83,com.midasplayer.apps.candycrushsaga,5253607881,1,0.0,1.0,0.0,0.0
84,com.midasplayer.apps.candycrushsaga,5253537562,5,0.156,0.424,0.421,0.976
85,com.midasplayer.apps.candycrushsaga,5253369007,2,0.157,0.814,0.029,-0.8504
86,com.midasplayer.apps.candycrushsaga,5253240702,5,0.0,0.31,0.69,0.8715
87,com.midasplayer.apps.candycrushsaga,5253219127,1,0.361,0.639,0.0,-0.5255
88,com.midasplayer.apps.candycrushsaga,5253198599,1,0.115,0.832,0.053,-0.5978
89,com.midasplayer.apps.candycrushsaga,5253110948,1,0.159,0.706,0.135,-0.1027
90,com.midasplayer.apps.candycrushsaga,5253091982,1,0.11,0.843,0.046,-0.5288
91,com.midasplayer.apps.candycrushsaga,5252968668,3,0.023,0.834,0.143,0.8582
92,com.midasplayer.apps.candycrushsaga,5252672012,1,0.095,0.726,0.179,0.7668
93,com.midasplayer.apps.candycrushsaga,5252464265,1,0.255,0.659,0.086,-0.6274
94,com.midasplayer.apps.candycrushsaga,5252339189,1,0.136,0.757,0.107,-0.4503
95,com.midasplayer.apps.candycrushsaga,5252331414,1,0.099,0.816,0.086,0.0
96,com.midasplayer.apps.candycrushsaga,5252322140,1,0.048,0.74,0.213,0.855
97,com.midasplayer.apps.candycrushsaga,5252069982,1,0.281,0.618,0.101,-0.4939
98,com.midasplayer.apps.candycrushsaga,5251885814,1,0.112,0.761,0.128,0.1692
99,com.midasplayer.apps.candycrushsaga,5251525958,5,0.0,0.453,0.547,0.9228
100,com.midasplayer.apps.candycrushsaga,5251490207,5,0.0,0.481,0.519,0.6597
101,com.midasplayer.apps.candycrushsaga,5251087553,2,0.0,0.975,0.025,0.2023
102,com.midasplayer.apps.candycrushsaga,5251050632,1,0.048,0.82,0.132,0.7919
103,com.midasplayer.apps.candycrushsaga,5251013615,1,0.1,0.821,0.079,-0.3798
104,com.midasplayer.apps.candycrushsaga,5250737045,5,0.0,1.0,0.0,0.0
105,com.midasplayer.apps.candycrushsaga,5250717144,1,0.0,1.0,0.0,0.0
106,com.midasplayer.apps.candycrushsaga,5250525452,5,0.02,0.71,0.27,0.9798
107,com.midasplayer.apps.candycrushsaga,5250394168,1,0.099,0.714,0.188,0.7396
108,com.midasplayer.apps.candycrushsaga,5250286651,5,0.125,0.73,0.145,0.3987
109,com.midasplayer.apps.candycrushsaga,5250248712,1,0.0,0.902,0.098,0.6757
110,com.midasplayer.apps.candycrushsaga,5250025863,5,0.167,0.833,0.0,-0.1531
111,com.midasplayer.apps.candycrushsaga,5249961374,1,0.0,0.827,0.173,0.3182
112,com.midasplayer.apps.candycrushsaga,5249653569,1,0.253,0.622,0.124,-0.4404
113,com.midasplayer.apps.candycrushsaga,5249450837,1,0.255,0.627,0.118,-0.9046
114,com.midasplayer.apps.candycrushsaga,5249447541,5,0.0,0.642,0.358,0.7298
115,com.midasplayer.apps.candycrushsaga,5249377723,2,0.148,0.818,0.034,-0.687
116,com.midasplayer.apps.candycrushsaga,5249018548,3,0.125,0.639,0.236,0.801
117,com.midasplayer.apps.candycrushsaga,5248833252,3,0.127,0.724,0.149,0.1224
118,com.midasplayer.apps.candycrushsaga,5248804622,5,0.0,0.26,0.74,0.908
119,com.midasplayer.apps.candycrushsaga,5248717619,1,0.176,0.824,0.0,-0.6211
120,com.midasplayer.apps.candycrushsaga,5248432308,1,0.128,0.681,0.191,0.124
121,com.midasplayer.apps.candycrushsaga,5247233247,1,0.072,0.752,0.176,0.4939
122,com.midasplayer.apps.candycrushsaga,5247229381,1,0.065,0.666,0.269,0.8411
123,com.midasplayer.apps.candycrushsaga,5246965822,5,0.146,0.597,0.257,0.847
124,com.midasplayer.apps.candycrushsaga,5246842386,5,0.0,0.839,0.161,0.3612
125,com.midasplayer.apps.candycrushsaga,5246443403,1,0.034,0.764,0.202,0.9484
126,com.midasplayer.apps.candycrushsaga,5246133748,1,0.039,0.815,0.146,0.9588
127,com.midasplayer.apps.candycrushsaga,5245771183,1,0.254,0.713,0.033,-0.868
128,com.midasplayer.apps.candycrushsaga,5245768733,5,0.0,0.0,1.0,0.8519
129,com.midasplayer.apps.candycrushsaga,5245760815,2,0.083,0.61,0.307,0.8478
130,com.midasplayer.apps.candycrushsaga,5245602017,1,0.301,0.492,0.208,-0.1779
131,com.midasplayer.apps.candycrushsaga,5245594297,1,0.075,0.785,0.14,0.2617
132,com.midasplayer.apps.candycrushsaga,5245584325,1,0.608,0.392,0.0,-0.7351
133,com.midasplayer.apps.candycrushsaga,5245560649,3,0.141,0.658,0.201,0.6531
134,com.midasplayer.apps.candycrushsaga,5245301081,1,0.101,0.772,0.127,0.3971
135,com.midasplayer.apps.candycrushsaga,5245066712,5,0.108,0.608,0.283,0.8479
136,com.midasplayer.apps.candycrushsaga,5245004275,1,0.143,0.706,0.151,-0.3358
137,com.midasplayer.apps.candycrushsaga,5244978258,1,0.038,0.883,0.079,0.4841
138,com.midasplayer.apps.candycrushsaga,5244806987,2,0.19,0.676,0.134,-0.4451
139,com.midasplayer.apps.candycrushsaga,5244764887,1,0.215,0.619,0.166,-0.3642
140,com.midasplayer.apps.candycrushsaga,5244631712,1,0.074,0.736,0.19,0.9729
141,com.midasplayer.apps.candycrushsaga,5244568406,1,0.098,0.902,0.0,-0.5962
142,com.midasplayer.apps.candycrushsaga,5244490681,1,0.096,0.728,0.176,0.3382
143,com.midasplayer.apps.candycrushsaga,5244246003,1,0.1,0.765,0.135,0.4017
144,com.midasplayer.apps.candycrushsaga,5243887366,5,0.098,0.291,0.612,0.9564
145,com.midasplayer.apps.candycrushsaga,5243716347,2,0.122,0.726,0.153,0.4402
146,com.midasplayer.apps.candycrushsaga,5243618060,1,0.057,0.878,0.065,-0.0012
147,com.midasplayer.apps.candycrushsaga,5243568115,1,0.174,0.771,0.055,-0.5919
148,com.midasplayer.apps.candycrushsaga,5243202787,1,0.037,0.798,0.165,0.7003
149,com.midasplayer.apps.candycrushsaga,5243073215,1,0.0,1.0,0.0,0.0
150,com.midasplayer.apps.candycrushsaga,5242789731,1,0.043,0.775,0.182,0.8962
151,com.midasplayer.apps.candycrushsaga,5242674525,1,0.163,0.586,0.251,0.7345
152,com.midasplayer.apps.candycrushsaga,5242661048,1,0.12,0.621,0.259,0.7579
153,com.midasplayer.apps.candycrushsaga,5242485155,1,0.452,0.548,0.0,-0.5106
154,com.midasplayer.apps.candycrushsaga,5242318960,1,0.0,0.733,0.267,0.8619
155,com.midasplayer.apps.candycrushsaga,5242315014,1,0.331,0.669,0.0,-0.3551
156,com.midasplayer.apps.candycrushsaga,5242292612,1,0.074,0.839,0.088,0.1406
157,com.midasplayer.apps.candycrushsaga,5242283787,4,0.038,0.71,0.253,0.7888
158,com.midasplayer.apps.candycrushsaga,5242274272,5,0.074,0.417,0.509,0.8555
159,com.midasplayer.apps.candycrushsaga,5242236264,4,0.143,0.554,0.303,0.6705
160,com.midasplayer.apps.candycrushsaga,5242157103,5,0.0,0.306,0.694,0.9071
161,com.midasplayer.apps.candycrushsaga,5242136511,1,0.133,0.846,0.022,-0.6585
162,com.midasplayer.apps.candycrushsaga,5241890361,1,0.182,0.722,0.096,-0.6131
163,com.midasplayer.apps.candycrushsaga,5241595469,1,0.244,0.756,0.0,-0.6293
164,com.midasplayer.apps.candycrushsaga,5241479144,1,0.307,0.693,0.0,-0.4767
165,com.midasplayer.apps.candycrushsaga,5241448921,2,0.137,0.84,0.023,-0.8853
166,com.midasplayer.apps.candycrushsaga,5241445552,1,0.146,0.65,0.204,-0.0727
167,com.midasplayer.apps.candycrushsaga,5241398381,1,0.184,0.683,0.133,-0.4159
168,com.midasplayer.apps.candycrushsaga,5241291881,1,0.163,0.837,0.0,-0.5688
169,com.midasplayer.apps.candycrushsaga,5241229328,1,0.0,1.0,0.0,0.0
170,com.midasplayer.apps.candycrushsaga,5241166677,3,0.249,0.751,0.0,-0.6832
171,com.midasplayer.apps.candycrushsaga,5241123995,5,0.022,0.784,0.194,0.8768
172,com.midasplayer.apps.candycrushsaga,5241064660,1,0.0,0.815,0.185,0.7964
173,com.midasplayer.apps.candycrushsaga,5241051445,1,0.125,0.806,0.069,-0.4456
174,com.midasplayer.apps.candycrushsaga,5240819935,1,0.171,0.694,0.134,-0.3395
175,com.midasplayer.apps.candycrushsaga,5240760709,1,0.141,0.705,0.154,0.1551
176,com.midasplayer.apps.candycrushsaga,5240692767,5,0.08,0.766,0.154,0.6291
177,com.midasplayer.apps.candycrushsaga,5240681471,1,0.184,0.816,0.0,-0.6608
178,com.midasplayer.apps.candycrushsaga,5240601508,1,0.165,0.772,0.063,-0.4404
179,com.midasplayer.apps.candycrushsaga,5240576765,1,0.207,0.721,0.072,-0.5667
180,com.midasplayer.apps.candycrushsaga,5240521732,5,0.084,0.681,0.235,0.4391
181,com.midasplayer.apps.candycrushsaga,5240444434,1,0.074,0.824,0.102,0.3871
182,com.midasplayer.apps.candycrushsaga,5240426890,1,0.107,0.731,0.162,0.4522
183,com.midasplayer.apps.candycrushsaga,5240384684,1,0.19,0.782,0.028,-0.9125
184,com.midasplayer.apps.candycrushsaga,5240338401,1,0.18,0.691,0.13,-0.0834
185,com.midasplayer.apps.candycrushsaga,5240337902,2,0.139,0.799,0.062,-0.5647
186,com.midasplayer.apps.candycrushsaga,5240210140,1,0.0,0.776,0.224,0.3802
187,com.midasplayer.apps.candycrushsaga,5240101206,1,0.051,0.725,0.223,0.8723
188,com.midasplayer.apps.candycrushsaga,5239963436,1,0.161,0.728,0.111,-0.7391
189,com.midasplayer.apps.candycrushsaga,5239450033,5,0.073,0.612,0.315,0.9398
190,com.midasplayer.apps.candycrushsaga,5239208377,1,0.0,1.0,0.0,0.0
191,com.midasplayer.apps.candycrushsaga,5239148120,1,0.113,0.833,0.054,-0.25
192,com.midasplayer.apps.candycrushsaga,5239106070,1,0.162,0.651,0.187,-0.0164
193,com.midasplayer.apps.candycrushsaga,5239022957,2,0.316,0.593,0.091,-0.8156
194,com.midasplayer.apps.candycrushsaga,5238945997,1,0.193,0.642,0.165,-0.4559
195,com.midasplayer.apps.candycrushsaga,5238840928,1,0.0,0.488,0.512,0.6369
196,com.midasplayer.apps.candycrushsaga,5238755620,1,0.428,0.414,0.159,-0.5994
197,com.midasplayer.apps.candycrushsaga,5238745157,5,0.0,0.624,0.376,0.9954
198,com.midasplayer.apps.candycrushsaga,5238736398,5,0.2,0.25,0.55,0.5848
199,com.midasplayer.apps.candycrushsaga,5238722393,1,0.043,0.79,0.166,0.9258
200,com.midasplayer.apps.candycrushsaga,5238640602,3,0.198,0.759,0.044,-0.8739
201,com.midasplayer.apps.candycrushsaga,5238639543,2,0.08,0.88,0.04,-0.4703
202,com.midasplayer.apps.candycrushsaga,5238634017,1,0.049,0.869,0.082,0.2714
203,com.midasplayer.apps.candycrushsaga,5238605513,1,0.118,0.672,0.21,0.9808
204,com.midasplayer.apps.candycrushsaga,5238526531,1,0.069,0.744,0.187,0.7574
205,com.midasplayer.apps.candycrushsaga,5238420532,2,0.174,0.694,0.132,-0.5607
206,com.midasplayer.apps.candycrushsaga,5238375455,1,0.0,0.787,0.213,0.5859
207,com.midasplayer.apps.candycrushsaga,5238365094,1,0.0,0.925,0.075,0.5399
208,com.midasplayer.apps.candycrushsaga,5238359499,1,0.305,0.695,0.0,-0.7841
209,com.midasplayer.apps.candycrushsaga,5238299539,3,0.099,0.573,0.328,0.9428
210,com.midasplayer.apps.candycrushsaga,5238168611,3,0.306,0.694,0.0,-0.8625
211,com.midasplayer.apps.candycrushsaga,5238165429,1,0.199,0.686,0.115,-0.6059
212,com.midasplayer.apps.candycrushsaga,5238114481,1,0.278,0.611,0.111,-0.7906
213,com.midasplayer.apps.candycrushsaga,5238109957,1,0.094,0.789,0.118,-0.2413
214,com.midasplayer.apps.candycrushsaga,5238099612,1,0.052,0.869,0.079,0.2177
215,com.midasplayer.apps.candycrushsaga,5238067125,3,0.0,0.841,0.159,0.69
216,com.midasplayer.apps.candycrushsaga,5237969856,1,0.154,0.748,0.098,-0.296
217,com.midasplayer.apps.candycrushsaga,5237897892,1,0.142,0.68,0.177,-0.0891
218,com.midasplayer.apps.candycrushsaga,5237812496,5,0.0,0.417,0.583,0.4215
219,com.midasplayer.apps.candycrushsaga,5237810983,1,0.125,0.661,0.214,0.5514
220,com.midasplayer.apps.candycrushsaga,5237798110,1,0.161,0.742,0.097,-0.626
221,com.midasplayer.apps.candycrushsaga,5237791369,1,0.0,1.0,0.0,0.0
222,com.midasplayer.apps.candycrushsaga,5237778984,1,0.157,0.75,0.093,-0.6647
223,com.midasplayer.apps.candycrushsaga,5237694666,5,0.165,0.745,0.09,-0.4215
224,com.midasplayer.apps.candycrushsaga,5237601902,1,0.142,0.802,0.056,-0.5121
225,com.midasplayer.apps.candycrushsaga,5237587600,1,0.0,1.0,0.0,0.0
226,com.midasplayer.apps.candycrushsaga,5237567785,4,0.0,0.345,0.655,0.9081
227,com.midasplayer.apps.candycrushsaga,5237538407,1,0.0,0.844,0.156,0.6836
228,com.midasplayer.apps.candycrushsaga,5237524759,1,0.198,0.579,0.223,-0.3662
229,com.midasplayer.apps.candycrushsaga,5237441766,3,0.095,0.597,0.307,0.9031
230,com.midasplayer.apps.candycrushsaga,5237163951,1,0.161,0.726,0.113,-0.4019
231,com.midasplayer.apps.candycrushsaga,5237158694,2,0.175,0.619,0.206,0.2261
232,com.midasplayer.apps.candycrushsaga,5237089551,1,0.084,0.72,0.196,0.9689
233,com.midasplayer.apps.candycrushsaga,5237087092,1,0.156,0.705,0.139,-0.186
234,com.midasplayer.apps.candycrushsaga,5237020598,5,0.0,0.213,0.787,0.8126
235,com.midasplayer.apps.candycrushsaga,5236934695,2,0.193,0.549,0.257,0.4677
236,com.midasplayer.apps.candycrushsaga,5236911675,1,0.031,0.811,0.158,0.9785
237,com.midasplayer.apps.candycrushsaga,5236825393,1,0.202,0.615,0.183,-0.5081
238,com.midasplayer.apps.candycrushsaga,5236579038,1,0.119,0.797,0.084,-0.3217
239,com.midasplayer.apps.candycrushsaga,5236375417,3,0.0,0.859,0.141,0.7227
240,com.midasplayer.apps.candycrushsaga,5236053948,2,0.089,0.757,0.155,0.25
241,com.midasplayer.apps.candycrushsaga,5235695530,5,0.0,1.0,0.0,0.0
242,com.midasplayer.apps.candycrushsaga,5235578179,1,0.37,0.599,0.031,-0.934
243,com.midasplayer.apps.candycrushsaga,5235476919,5,0.0,0.0,1.0,0.6124
244,com.midasplayer.apps.candycrushsaga,5234624884,1,0.47,0.53,0.0,-0.7351
245,com.midasplayer.apps.candycrushsaga,5234141842,5,0.0,0.602,0.398,0.5106
246,com.midasplayer.apps.candycrushsaga,5234005026,5,0.312,0.215,0.473,0.3595
247,com.midasplayer.apps.candycrushsaga,5233732804,5,0.265,0.711,0.024,-0.9051
248,com.midasplayer.apps.candycrushsaga,5233625377,1,0.103,0.719,0.178,0.5118
249,com.midasplayer.apps.candycrushsaga,5231982468,5,0.0,0.524,0.476,0.8975
250,com.midasplayer.apps.candycrushsaga,5231427731,2,0.121,0.689,0.19,0.9265
251,com.midasplayer.apps.candycrushsaga,5231168934,4,0.029,0.82,0.151,0.9359
252,com.midasplayer.apps.candycrushsaga,5230849537,5,0.0,0.328,0.672,0.6249
253,com.midasplayer.apps.candycrushsaga,5230685370,5,0.008,0.786,0.205,0.9842
254,com.midasplayer.apps.candycrushsaga,5230416989,4,0.047,0.619,0.333,0.8658
255,com.midasplayer.apps.candycrushsaga,5229902328,5,0.0,0.358,0.642,0.5562
256,com.midasplayer.apps.candycrushsaga,5229521752,5,0.0,0.417,0.583,0.8553
257,com.midasplayer.apps.candycrushsaga,5229429667,5,0.0,0.328,0.672,0.6249
258,com.midasplayer.apps.candycrushsaga,5229360689,4,0.0,0.341,0.659,0.7003
259,com.midasplayer.apps.candycrushsaga,5228785293,4,0.039,0.71,0.251,0.9584
260,com.midasplayer.apps.candycrushsaga,5228470866,5,0.148,0.174,0.678,0.7964
261,com.midasplayer.apps.candycrushsaga,5227927756,1,0.0,0.812,0.188,0.6249
262,com.midasplayer.apps.candycrushsaga,5227191827,1,0.049,0.798,0.154,0.7249
263,com.midasplayer.apps.candycrushsaga,5227184595,3,0.0,0.88,0.12,0.8434
264,com.midasplayer.apps.candycrushsaga,5227070368,5,0.0,0.313,0.687,0.8999
265,com.midasplayer.apps.candycrushsaga,5227029922,2,0.127,0.746,0.127,0.0
266,com.midasplayer.apps.candycrushsaga,5226901241,2,0.141,0.859,0.0,-0.3182
267,com.midasplayer.apps.candycrushsaga,5226441564,5,0.0,0.767,0.233,0.631
268,com.midasplayer.apps.candycrushsaga,5226410747,3,0.0,0.703,0.297,0.9361
269,com.midasplayer.apps.candycrushsaga,5226393432,1,0.19,0.536,0.274,0.5267
270,com.midasplayer.apps.candycrushsaga,5225723429,1,0.222,0.778,0.0,-0.7288
271,com.midasplayer.apps.candycrushsaga,5225139561,5,0.182,0.341,0.477,0.5574
272,com.midasplayer.apps.candycrushsaga,5224793559,3,0.171,0.727,0.102,-0.7447
273,com.midasplayer.apps.candycrushsaga,5223351263,5,0.077,0.529,0.394,0.9349
274,com.midasplayer.apps.candycrushsaga,5223149341,5,0.242,0.165,0.593,0.8126
275,com.midasplayer.apps.candycrushsaga,5222576959,4,0.253,0.663,0.084,-0.8359
276,com.midasplayer.apps.candycrushsaga,5222380145,5,0.0,0.625,0.375,0.6369
277,com.midasplayer.apps.candycrushsaga,5222202132,4,0.09,0.516,0.394,0.8705
278,com.midasplayer.apps.candycrushsaga,5221922919,5,0.0,0.323,0.677,0.8555
279,com.midasplayer.apps.candycrushsaga,5221067168,2,0.05,0.756,0.194,0.9752
280,com.midasplayer.apps.candycrushsaga,5219751422,3,0.153,0.815,0.031,-0.792
281,com.midasplayer.apps.candycrushsaga,5219716002,1,0.032,0.821,0.147,0.7541
282,com.midasplayer.apps.candycrushsaga,5219397382,5,0.0,0.432,0.568,0.7405
283,com.midasplayer.apps.candycrushsaga,5219380332,5,0.0,0.372,0.628,0.857
284,com.midasplayer.apps.candycrushsaga,5219144708,4,0.0,0.286,0.714,0.3612
285,com.midasplayer.apps.candycrushsaga,5219054419,3,0.05,0.821,0.129,0.8039
286,com.midasplayer.apps.candycrushsaga,5218977471,5,0.0,0.126,0.874,0.9304
287,com.midasplayer.apps.candycrushsaga,5218551108,1,0.0,1.0,0.0,0.0
288,com.midasplayer.apps.candycrushsaga,5218537858,1,0.432,0.568,0.0,-0.8228
289,com.midasplayer.apps.candycrushsaga,5218445512,1,0.163,0.727,0.11,-0.8865
290,com.midasplayer.apps.candycrushsaga,5218354095,2,0.101,0.755,0.145,0.1779
291,com.midasplayer.apps.candycrushsaga,5218149680,5,0.085,0.702,0.213,0.8398
292,com.midasplayer.apps.candycrushsaga,5218031794,5,0.139,0.669,0.192,0.4509
293,com.midasplayer.apps.candycrushsaga,5217348616,1,0.304,0.61,0.085,-0.6341
294,com.midasplayer.apps.candycrushsaga,5216477965,5,0.323,0.548,0.129,-0.2238
295,com.midasplayer.apps.candycrushsaga,5214977101,1,0.085,0.74,0.176,0.902
296,com.midasplayer.apps.candycrushsaga,5214655973,5,0.0,0.492,0.508,0.7351
297,com.midasplayer.apps.candycrushsaga,5214430618,1,0.0,1.0,0.0,0.0
298,com.midasplayer.apps.candycrushsaga,5214380054,5,0.0,0.777,0.223,0.3182
299,com.midasplayer.apps.candycrushsaga,5214264556,4,0.128,0.872,0.0,-0.5267
300,com.midasplayer.apps.candycrushsaga,5214160356,1,0.187,0.752,0.061,-0.524
301,com.midasplayer.apps.candycrushsaga,5213873921,2,0.267,0.655,0.077,-0.8209
302,com.midasplayer.apps.candycrushsaga,5213552338,5,0.0,0.444,0.556,0.7397
303,com.midasplayer.apps.candycrushsaga,5213068194,4,0.0,0.825,0.175,0.4926
304,com.midasplayer.apps.candycrushsaga,5213059672,5,0.0,0.079,0.921,0.9136
305,com.midasplayer.apps.candycrushsaga,5213032935,1,0.0,0.923,0.077,0.4137
306,com.midasplayer.apps.candycrushsaga,5212772261,5,0.184,0.345,0.471,0.5423
307,com.midasplayer.apps.candycrushsaga,5212623559,5,0.0,0.0,1.0,0.7579
308,com.midasplayer.apps.candycrushsaga,5212506327,5,0.0,0.585,0.415,0.926
309,com.midasplayer.apps.candycrushsaga,5212283251,1,0.058,0.942,0.0,-0.0772
310,com.midasplayer.apps.candycrushsaga,5212023480,2,0.08,0.788,0.132,0.2481
311,com.midasplayer.apps.candycrushsaga,5211462776,2,0.105,0.74,0.155,0.4696
312,com.midasplayer.apps.candycrushsaga,5210601090,5,0.149,0.279,0.572,0.6764
313,com.midasplayer.apps.candycrushsaga,5210489415,5,0.0,0.068,0.932,0.9287
314,com.midasplayer.apps.candycrushsaga,5210142958,5,0.0,0.636,0.364,0.7424
315,com.midasplayer.apps.candycrushsaga,5209617025,5,0.0,0.326,0.674,0.7351
316,com.midasplayer.apps.candycrushsaga,5209428517,5,0.0,0.704,0.296,0.6369
317,com.midasplayer.apps.candycrushsaga,5209000138,1,0.0,0.814,0.186,0.7757
318,com.midasplayer.apps.candycrushsaga,5208545362,3,0.104,0.896,0.0,-0.1027
319,com.midasplayer.apps.candycrushsaga,5207989088,5,0.033,0.849,0.118,0.5574
320,com.midasplayer.apps.candycrushsaga,5207411653,1,0.072,0.636,0.292,0.9627
321,com.midasplayer.apps.candycrushsaga,5207395723,2,0.154,0.665,0.181,0.3666
322,com.midasplayer.apps.candycrushsaga,5207301232,5,0.0,1.0,0.0,0.0
323,com.midasplayer.apps.candycrushsaga,5206806959,5,0.07,0.529,0.401,0.8176
324,com.midasplayer.apps.candycrushsaga,5205901123,4,0.0,0.5,0.5,0.7184
325,com.midasplayer.apps.candycrushsaga,5205767132,1,0.273,0.69,0.037,-0.892
326,com.midasplayer.apps.candycrushsaga,5204962921,1,0.38,0.62,0.0,-0.913
327,com.midasplayer.apps.candycrushsaga,5204746363,5,0.072,0.54,0.388,0.7925
328,com.midasplayer.apps.candycrushsaga,5204362685,3,0.0,0.703,0.297,0.6696
329,com.midasplayer.apps.candycrushsaga,5204176051,4,0.2,0.726,0.073,-0.913
330,com.midasplayer.apps.candycrushsaga,5203899933,3,0.047,0.795,0.158,0.5994
331,com.midasplayer.apps.candycrushsaga,5203498062,1,0.282,0.581,0.137,-0.6124
332,com.midasplayer.apps.candycrushsaga,5203446971,5,0.051,0.762,0.187,0.6478
333,com.midasplayer.apps.candycrushsaga,5203037868,3,0.052,0.877,0.071,0.2151
334,com.midasplayer.apps.candycrushsaga,5203029803,5,0.0,0.27,0.73,0.6597
335,com.midasplayer.apps.candycrushsaga,5202766442,5,0.0,0.291,0.709,0.8074
336,com.midasplayer.apps.candycrushsaga,5202026680,4,0.0,0.679,0.321,0.9336
337,com.midasplayer.apps.candycrushsaga,5202024565,1,0.189,0.772,0.04,-0.748
338,com.midasplayer.apps.candycrushsaga,5201785058,1,0.267,0.407,0.326,0.25
339,com.midasplayer.apps.candycrushsaga,5201118091,5,0.473,0.208,0.319,-0.5994
340,com.midasplayer.apps.candycrushsaga,5201068686,5,0.0,1.0,0.0,0.0
341,com.midasplayer.apps.candycrushsaga,5200042148,5,0.058,0.866,0.076,0.2942
342,com.midasplayer.apps.candycrushsaga,5199784548,1,0.112,0.731,0.157,0.7
343,com.midasplayer.apps.candycrushsaga,5199770678,1,0.134,0.791,0.075,-0.0
344,com.midasplayer.apps.candycrushsaga,5199447959,5,0.056,0.246,0.698,0.96
345,com.midasplayer.apps.candycrushsaga,5199050704,4,0.25,0.75,0.0,-0.7184
346,com.midasplayer.apps.candycrushsaga,5198844534,1,0.059,0.846,0.096,0.2878
347,com.midasplayer.apps.candycrushsaga,5198075178,3,0.0,0.297,0.703,0.7964
348,com.midasplayer.apps.candycrushsaga,5197849051,1,0.233,0.767,0.0,-0.8074
349,com.midasplayer.apps.candycrushsaga,5197829961,1,0.0,0.818,0.182,0.4389
350,com.midasplayer.apps.candycrushsaga,5197602301,5,0.0,0.76,0.24,0.2244
351,com.midasplayer.apps.candycrushsaga,5196722748,4,0.093,0.686,0.221,0.5801
352,com.midasplayer.apps.candycrushsaga,5196400707,4,0.0,0.631,0.369,0.6249
353,com.midasplayer.apps.candycrushsaga,5196400627,4,0.0,0.93,0.07,0.2023
354,com.midasplayer.apps.candycrushsaga,5196107443,1,0.807,0.193,0.0,-0.8544
355,com.midasplayer.apps.candycrushsaga,5195131697,1,0.339,0.52,0.14,-0.8313
356,com.midasplayer.apps.candycrushsaga,5194197281,4,0.058,0.556,0.385,0.9487
357,com.midasplayer.apps.candycrushsaga,5194169636,4,0.0,0.392,0.608,0.7351
358,com.midasplayer.apps.candycrushsaga,5193957783,5,0.26,0.401,0.339,0.4898
359,com.midasplayer.apps.candycrushsaga,5193855946,5,0.0,0.0,1.0,0.8126
360,com.midasplayer.apps.candycrushsaga,5193789095,5,0.189,0.354,0.458,0.508
361,com.midasplayer.apps.candycrushsaga,5193722344,5,0.161,0.491,0.348,0.7351
362,com.midasplayer.apps.candycrushsaga,5193696438,5,0.0,0.754,0.246,0.6369
363,com.midasplayer.apps.candycrushsaga,5193678918,5,0.038,0.447,0.515,0.9694
364,com.midasplayer.apps.candycrushsaga,5193660143,2,0.113,0.698,0.189,0.9717
365,com.midasplayer.apps.candycrushsaga,5193541791,3,0.136,0.864,0.0,-0.296
366,com.midasplayer.apps.candycrushsaga,5193428319,2,0.17,0.761,0.069,-0.5859
367,com.midasplayer.apps.candycrushsaga,5193339352,1,0.142,0.637,0.222,0.9214
368,com.midasplayer.apps.candycrushsaga,5193136460,5,0.0,0.351,0.649,0.5719
369,com.midasplayer.apps.candycrushsaga,5193090579,5,0.0,0.294,0.706,0.802
370,com.midasplayer.apps.candycrushsaga,5192993622,5,0.058,0.526,0.416,0.964
371,com.midasplayer.apps.candycrushsaga,5192654067,5,0.442,0.366,0.191,-0.9058
372,com.midasplayer.apps.candycrushsaga,5192277366,3,0.09,0.785,0.126,0.5019
373,com.midasplayer.apps.candycrushsaga,5192114828,5,0.0,0.38,0.62,0.9194
374,com.midasplayer.apps.candycrushsaga,5191540417,1,0.018,0.838,0.144,0.9374
375,com.midasplayer.apps.candycrushsaga,5191512670,5,0.0,0.674,0.326,0.4404
376,com.midasplayer.apps.candycrushsaga,5191343299,5,0.076,0.653,0.271,0.6908
377,com.midasplayer.apps.candycrushsaga,5190927216,1,0.203,0.684,0.113,-0.5434
378,com.midasplayer.apps.candycrushsaga,5190265294,5,0.094,0.678,0.228,0.994
379,com.midasplayer.apps.candycrushsaga,5190071033,1,0.07,0.645,0.286,0.9802
380,com.midasplayer.apps.candycrushsaga,5189898759,5,0.0,0.417,0.583,0.6369
381,com.midasplayer.apps.candycrushsaga,5189579625,1,0.258,0.742,0.0,-0.8777
382,com.midasplayer.apps.candycrushsaga,5189407917,1,0.0,0.471,0.529,0.6696
383,com.midasplayer.apps.candycrushsaga,5188868430,5,0.0,0.599,0.401,0.8271
384,com.midasplayer.apps.candycrushsaga,5188808337,1,0.108,0.699,0.193,0.4574
385,com.midasplayer.apps.candycrushsaga,5188644677,5,0.119,0.597,0.284,0.4939
386,com.midasplayer.apps.candycrushsaga,5188059147,5,0.0,0.478,0.522,0.9804
387,com.midasplayer.apps.candycrushsaga,5187115115,4,0.214,0.435,0.351,0.2263
388,com.midasplayer.apps.candycrushsaga,5186841912,1,0.526,0.474,0.0,-0.7762
389,com.midasplayer.apps.candycrushsaga,5185341428,5,0.071,0.419,0.51,0.9097
390,com.midasplayer.apps.candycrushsaga,5184933177,2,0.109,0.725,0.167,0.5267
391,com.midasplayer.apps.candycrushsaga,5184761781,5,0.342,0.201,0.456,0.4019
392,com.midasplayer.apps.candycrushsaga,5184750795,5,0.0,0.0,1.0,0.8885
393,com.midasplayer.apps.candycrushsaga,5184508543,1,0.0,1.0,0.0,0.0
394,com.midasplayer.apps.candycrushsaga,5184306364,5,0.135,0.865,0.0,-0.1027
395,com.midasplayer.apps.candycrushsaga,5183884507,5,0.054,0.512,0.435,0.9422
396,com.midasplayer.apps.candycrushsaga,5183595598,1,0.264,0.552,0.184,-0.5397
397,com.midasplayer.apps.candycrushsaga,5182977527,5,0.0,0.82,0.18,0.765
398,com.midasplayer.apps.candycrushsaga,5182257609,3,0.082,0.868,0.05,-0.128
399,com.midasplayer.apps.candycrushsaga,5181843553,5,0.0,0.627,0.373,0.6962
400,com.midasplayer.apps.candycrushsaga,5181784510,5,0.0,0.679,0.321,0.7964
401,com.midasplayer.apps.candycrushsaga,5179345444,3,0.096,0.603,0.301,0.8168
402,com.midasplayer.apps.candycrushsaga,5179086889,5,0.0,0.283,0.717,0.7249
403,com.midasplayer.apps.candycrushsaga,5178787181,5,0.0,0.57,0.43,0.8519
404,com.midasplayer.apps.candycrushsaga,5178598892,5,0.0,0.2,0.8,0.8395
405,com.midasplayer.apps.candycrushsaga,5178382328,5,0.0,0.573,0.427,0.9172
406,com.midasplayer.apps.candycrushsaga,5177364538,2,0.085,0.577,0.338,0.765
407,com.midasplayer.apps.candycrushsaga,5176925485,1,0.139,0.756,0.105,-0.2462
408,com.midasplayer.apps.candycrushsaga,5176764192,1,0.159,0.6,0.241,0.4284
409,com.midasplayer.apps.candycrushsaga,5176659048,5,0.103,0.155,0.741,0.9236
410,com.midasplayer.apps.candycrushsaga,5175347746,3,0.136,0.498,0.367,0.4767
411,com.midasplayer.apps.candycrushsaga,5175080794,5,0.032,0.64,0.328,0.8765
412,com.midasplayer.apps.candycrushsaga,5174871610,1,0.35,0.557,0.093,-0.8765
413,com.midasplayer.apps.candycrushsaga,5174772237,4,0.114,0.714,0.171,0.2023
414,com.midasplayer.apps.candycrushsaga,5172954966,1,0.0,1.0,0.0,0.0
415,com.midasplayer.apps.candycrushsaga,5172246491,4,0.0,0.447,0.553,0.9673
416,com.midasplayer.apps.candycrushsaga,5171844128,1,0.136,0.864,0.0,-0.296
417,com.midasplayer.apps.candycrushsaga,5170878744,5,0.0,0.417,0.583,0.6369
418,com.midasplayer.apps.candycrushsaga,5170826966,2,0.143,0.828,0.029,-0.7929
419,com.midasplayer.apps.candycrushsaga,5170738147,5,0.0,0.543,0.457,0.6369
420,com.midasplayer.apps.candycrushsaga,5170647205,1,0.261,0.625,0.114,-0.7393
421,com.midasplayer.apps.candycrushsaga,5170591602,5,0.0,0.484,0.516,0.9644
422,com.midasplayer.apps.candycrushsaga,5170460495,1,0.13,0.583,0.287,0.9561
423,com.midasplayer.apps.candycrushsaga,5169239182,5,0.0,0.0,1.0,0.9432
424,com.midasplayer.apps.candycrushsaga,5169215590,4,0.129,0.568,0.302,0.5194
425,com.midasplayer.apps.candycrushsaga,5168987739,1,0.0,0.874,0.126,0.3182
426,com.midasplayer.apps.candycrushsaga,5168748198,1,0.169,0.762,0.069,-0.4939
427,com.midasplayer.apps.candycrushsaga,5168723262,5,0.073,0.775,0.151,0.6028
428,com.midasplayer.apps.candycrushsaga,5168571259,5,0.231,0.769,0.0,-0.4019
429,com.midasplayer.apps.candycrushsaga,5167570208,5,0.125,0.465,0.41,0.9458
430,com.midasplayer.apps.candycrushsaga,5166794083,3,0.106,0.67,0.223,0.631
431,com.midasplayer.apps.candycrushsaga,5166720570,1,0.0,1.0,0.0,0.0
432,com.midasplayer.apps.candycrushsaga,5166719859,5,0.0,0.194,0.806,0.8519
433,com.midasplayer.apps.candycrushsaga,5166644185,2,0.2,0.591,0.209,0.1027
434,com.midasplayer.apps.candycrushsaga,5166643970,5,0.088,0.276,0.635,0.8979
435,com.midasplayer.apps.candycrushsaga,5165489046,2,0.099,0.759,0.141,0.2095
436,com.midasplayer.apps.candycrushsaga,5165356798,1,0.06,0.567,0.373,0.9821
437,com.midasplayer.apps.candycrushsaga,5162407356,5,0.171,0.32,0.51,0.6351
438,com.midasplayer.apps.candycrushsaga,5162207698,3,0.181,0.643,0.176,0.4152
439,com.midasplayer.apps.candycrushsaga,5161974050,5,0.082,0.464,0.454,0.8483
440,com.midasplayer.apps.candycrushsaga,5161289980,5,0.102,0.51,0.388,0.6688
441,com.midasplayer.apps.candycrushsaga,5161135630,5,0.0,0.629,0.371,0.7579
442,com.midasplayer.apps.candycrushsaga,5160731447,2,0.157,0.726,0.117,-0.3266
443,com.midasplayer.apps.candycrushsaga,5160164659,3,0.106,0.379,0.515,0.7512
444,com.midasplayer.apps.candycrushsaga,5159924413,4,0.0,0.781,0.219,0.8381
445,com.midasplayer.apps.candycrushsaga,5159621062,3,0.103,0.573,0.324,0.9862
446,com.midasplayer.apps.candycrushsaga,5159406625,3,0.057,0.854,0.089,0.3114
447,com.midasplayer.apps.candycrushsaga,5159393205,5,0.0,0.583,0.417,0.9168
448,com.midasplayer.apps.candycrushsaga,5158915090,3,0.133,0.732,0.135,0.0319
449,com.midasplayer.apps.candycrushsaga,5156230282,2,0.271,0.621,0.108,-0.6124
450,com.midasplayer.apps.candycrushsaga,5155725448,5,0.086,0.535,0.38,0.7579
451,com.midasplayer.apps.candycrushsaga,5155471036,5,0.36,0.432,0.209,-0.2732
452,com.midasplayer.apps.candycrushsaga,5154728715,5,0.0,0.373,0.627,0.8126
453,com.midasplayer.apps.candycrushsaga,5154726397,5,0.034,0.763,0.203,0.8402
454,com.midasplayer.apps.candycrushsaga,5154512258,5,0.051,0.575,0.374,0.9908
455,com.midasplayer.apps.candycrushsaga,5154006495,1,0.0,1.0,0.0,0.0
456,com.midasplayer.apps.candycrushsaga,5153800666,5,0.262,0.298,0.44,0.4588
457,com.midasplayer.apps.candycrushsaga,5147360850,2,0.078,0.675,0.247,0.8885
458,com.midasplayer.apps.candycrushsaga,5146975753,5,0.0,0.293,0.707,0.7034
459,com.midasplayer.apps.candycrushsaga,5146580436,5,0.0,0.488,0.512,0.6369
460,com.midasplayer.apps.candycrushsaga,5146117899,5,0.0,1.0,0.0,0.0
461,com.midasplayer.apps.candycrushsaga,5145563031,5,0.0,0.643,0.357,0.6115
462,com.midasplayer.apps.candycrushsaga,5144995776,2,0.0,1.0,0.0,0.0
463,com.midasplayer.apps.candycrushsaga,5144609188,5,0.0,0.314,0.686,0.9549
464,com.midasplayer.apps.candycrushsaga,5144396165,3,0.155,0.845,0.0,-0.296
465,com.midasplayer.apps.candycrushsaga,5144354268,1,0.101,0.899,0.0,-0.4019
466,com.midasplayer.apps.candycrushsaga,5141343799,5,0.193,0.484,0.323,0.6239
467,com.midasplayer.apps.candycrushsaga,5140097720,5,0.0,0.674,0.326,0.4404
468,com.midasplayer.apps.candycrushsaga,5139750046,1,0.0,0.945,0.055,0.3612
469,com.midasplayer.apps.candycrushsaga,5139673126,3,0.097,0.522,0.381,0.9172
470,com.midasplayer.apps.candycrushsaga,5139564142,1,0.118,0.767,0.115,0.2023
471,com.midasplayer.apps.candycrushsaga,5139556784,5,0.103,0.643,0.254,0.5182
472,com.midasplayer.apps.candycrushsaga,5139411621,5,0.0,1.0,0.0,0.0
473,com.midasplayer.apps.candycrushsaga,5138940708,5,0.067,0.484,0.448,0.9344
474,com.midasplayer.apps.candycrushsaga,5137940901,5,0.0,0.553,0.447,0.8431
475,com.midasplayer.apps.candycrushsaga,5136310184,5,0.114,0.569,0.317,0.5945
476,com.midasplayer.apps.candycrushsaga,5135279717,2,0.205,0.7,0.095,-0.5255
477,com.midasplayer.apps.candycrushsaga,5134654926,5,0.0,0.417,0.583,0.6369
478,com.midasplayer.apps.candycrushsaga,5134613267,5,0.096,0.663,0.241,0.34
479,com.midasplayer.apps.candycrushsaga,5134317346,4,0.364,0.477,0.16,-0.8059
480,com.midasplayer.apps.candycrushsaga,5134143862,5,0.239,0.149,0.612,0.5423
481,com.midasplayer.apps.candycrushsaga,5134045701,5,0.0,0.488,0.512,0.6369
482,com.midasplayer.apps.candycrushsaga,5133834061,5,0.0,0.878,0.122,0.2023
483,com.midasplayer.apps.candycrushsaga,5133684656,4,0.165,0.412,0.423,0.5423
484,com.midasplayer.apps.candycrushsaga,5133436814,4,0.046,0.799,0.155,0.898
485,com.midasplayer.apps.candycrushsaga,5133245664,1,0.218,0.575,0.207,-0.0258
486,com.midasplayer.apps.candycrushsaga,5132601161,5,0.101,0.7,0.198,0.7184
487,com.midasplayer.apps.candycrushsaga,5132395072,4,0.0,0.904,0.096,0.5859
488,com.midasplayer.apps.candycrushsaga,5130358662,1,0.0,1.0,0.0,0.0
489,com.midasplayer.apps.candycrushsaga,5130259579,1,0.391,0.531,0.078,-0.9075
490,com.midasplayer.apps.candycrushsaga,5130152308,1,0.165,0.733,0.102,-0.5271
491,com.midasplayer.apps.candycrushsaga,5130085483,5,0.163,0.553,0.284,0.6452
492,com.midasplayer.apps.candycrushsaga,5129778882,1,0.082,0.852,0.065,-0.1531
493,com.midasplayer.apps.candycrushsaga,5129010342,5,0.0,0.828,0.172,0.875
494,com.midasplayer.apps.candycrushsaga,5126764134,3,0.159,0.767,0.074,-0.2732
495,com.midasplayer.apps.candycrushsaga,5126324943,5,0.267,0.733,0.0,-0.2924
496,com.midasplayer.apps.candycrushsaga,5126228726,5,0.0,1.0,0.0,0.0
497,com.midasplayer.apps.candycrushsaga,5126153695,4,0.0,0.357,0.643,0.802
498,com.midasplayer.apps.candycrushsaga,5126003246,1,0.136,0.732,0.132,-0.0588
499,com.midasplayer.apps.candycrushsaga,5125862216,5,0.0,1.0,0.0,0.0
500,com.ohmgames.smashthemall,5273441294,1,0.125,0.651,0.225,0.785
501,com.ohmgames.smashthemall,5273357782,5,0.371,0.629,0.0,-0.7951
502,com.ohmgames.smashthemall,5273288098,1,0.189,0.811,0.0,-0.4215
503,com.ohmgames.smashthemall,5273201946,5,0.0,0.342,0.658,0.8268
504,com.ohmgames.smashthemall,5273170466,4,0.066,0.824,0.11,0.4861
505,com.ohmgames.smashthemall,5273124849,5,0.156,0.222,0.622,0.8074
506,com.ohmgames.smashthemall,5273053394,1,0.0,1.0,0.0,0.0
507,com.ohmgames.smashthemall,5273028320,1,0.214,0.64,0.146,-0.5686
508,com.ohmgames.smashthemall,5272769949,1,0.0,0.847,0.153,0.2023
509,com.ohmgames.smashthemall,5272703172,1,0.185,0.757,0.058,-0.6919
510,com.ohmgames.smashthemall,5272685043,3,0.0,0.897,0.103,0.4767
511,com.ohmgames.smashthemall,5272647084,5,0.0,0.577,0.423,0.296
512,com.ohmgames.smashthemall,5272638765,2,0.129,0.67,0.201,0.4404
513,com.ohmgames.smashthemall,5272565110,4,0.0,0.588,0.412,0.4215
514,com.ohmgames.smashthemall,5272512062,3,0.0,0.156,0.844,0.6597
515,com.ohmgames.smashthemall,5272475277,1,0.0,1.0,0.0,0.0
516,com.ohmgames.smashthemall,5272465452,1,0.0,1.0,0.0,0.0
517,com.ohmgames.smashthemall,5272417879,5,0.0,0.758,0.242,0.3716
518,com.ohmgames.smashthemall,5272411446,5,0.053,0.576,0.37,0.9281
519,com.ohmgames.smashthemall,5272400114,3,0.0,0.846,0.154,0.5216
520,com.ohmgames.smashthemall,5271891311,1,0.0,0.871,0.129,0.7067
521,com.ohmgames.smashthemall,5271796564,1,0.0,0.775,0.225,0.4927
522,com.ohmgames.smashthemall,5271740012,1,0.0,0.882,0.118,0.34
523,com.ohmgames.smashthemall,5271647429,1,0.0,1.0,0.0,0.0
524,com.ohmgames.smashthemall,5271598485,5,0.0,1.0,0.0,0.0
525,com.ohmgames.smashthemall,5271012839,5,0.0,0.629,0.371,0.7579
526,com.ohmgames.smashthemall,5270708311,3,0.101,0.702,0.196,0.8643
527,com.ohmgames.smashthemall,5270207402,1,0.0,0.931,0.069,0.4019
528,com.ohmgames.smashthemall,5270184292,1,0.251,0.705,0.044,-0.9226
529,com.ohmgames.smashthemall,5270090063,3,0.267,0.486,0.247,-0.0431
530,com.ohmgames.smashthemall,5270045085,2,0.187,0.765,0.048,-0.7986
531,com.ohmgames.smashthemall,5269991880,5,0.0,0.177,0.823,0.884
532,com.ohmgames.smashthemall,5269942789,3,0.092,0.732,0.177,0.5975
533,com.ohmgames.smashthemall,5269925505,1,0.0,0.709,0.291,0.7775
534,com.ohmgames.smashthemall,5269883908,2,0.071,0.822,0.107,0.3577
535,com.ohmgames.smashthemall,5269701074,3,0.056,0.748,0.196,0.9201
536,com.ohmgames.smashthemall,5269570719,1,0.18,0.82,0.0,-0.296
537,com.ohmgames.smashthemall,5269569837,4,0.08,0.759,0.161,0.8463
538,com.ohmgames.smashthemall,5269509879,5,0.0,0.699,0.301,0.6648
539,com.ohmgames.smashthemall,5269498150,1,0.173,0.77,0.057,-0.7871
540,com.ohmgames.smashthemall,5269491581,5,0.049,0.644,0.307,0.9587
541,com.ohmgames.smashthemall,5269461132,1,0.084,0.623,0.293,0.6919
542,com.ohmgames.smashthemall,5269396814,1,0.0,1.0,0.0,0.0
543,com.ohmgames.smashthemall,5269341878,4,0.0,0.837,0.163,0.4798
544,com.ohmgames.smashthemall,5269134602,3,0.118,0.533,0.348,0.7845
545,com.ohmgames.smashthemall,5269133475,1,0.318,0.682,0.0,-0.2023
546,com.ohmgames.smashthemall,5268960333,2,0.0,0.854,0.146,0.4086
547,com.ohmgames.smashthemall,5268383599,3,0.0,0.602,0.398,0.765
548,com.ohmgames.smashthemall,5268243833,1,0.113,0.709,0.177,0.4019
549,com.ohmgames.smashthemall,5268146236,1,0.115,0.885,0.0,-0.296
550,com.ohmgames.smashthemall,5266036689,1,0.161,0.839,0.0,-0.3612
551,com.ohmgames.smashthemall,5265977764,1,0.0,0.902,0.098,0.34
552,com.ohmgames.smashthemall,5265958512,1,0.0,0.626,0.374,0.8902
553,com.ohmgames.smashthemall,5265862191,2,0.042,0.958,0.0,-0.3071
554,com.ohmgames.smashthemall,5265861802,2,0.272,0.547,0.182,-0.5859
555,com.ohmgames.smashthemall,5265792590,1,0.0,0.907,0.093,0.5843
556,com.ohmgames.smashthemall,5265754637,5,0.205,0.505,0.29,0.088
557,com.ohmgames.smashthemall,5265702159,3,0.087,0.696,0.217,0.8225
558,com.ohmgames.smashthemall,5265682672,1,0.133,0.788,0.079,-0.6478
559,com.ohmgames.smashthemall,5265569073,2,0.0,0.876,0.124,0.9193
560,com.ohmgames.smashthemall,5265371309,1,0.217,0.783,0.0,-0.1695
561,com.ohmgames.smashthemall,5265304185,1,0.307,0.693,0.0,-0.4767
562,com.ohmgames.smashthemall,5265251598,2,0.0,0.725,0.275,0.5859
563,com.ohmgames.smashthemall,5265152971,5,0.0,1.0,0.0,0.0
564,com.ohmgames.smashthemall,5265131491,2,0.082,0.628,0.29,0.8225
565,com.ohmgames.smashthemall,5265066274,1,0.445,0.555,0.0,-0.3412
566,com.ohmgames.smashthemall,5265038245,5,0.088,0.778,0.135,0.5965
567,com.ohmgames.smashthemall,5264737418,1,0.228,0.772,0.0,-0.4826
568,com.ohmgames.smashthemall,5264721066,2,0.092,0.662,0.247,0.9022
569,com.ohmgames.smashthemall,5264395268,1,0.0,0.893,0.107,0.2846
570,com.ohmgames.smashthemall,5264347507,5,0.0,0.109,0.891,0.8481
571,com.ohmgames.smashthemall,5264010971,4,0.046,0.819,0.135,0.8987
572,com.ohmgames.smashthemall,5263731667,1,0.0,0.708,0.292,0.5106
573,com.ohmgames.smashthemall,5262730644,3,0.0,0.645,0.355,0.296
574,com.ohmgames.smashthemall,5262111803,1,0.0,0.884,0.116,0.3612
575,com.ohmgames.smashthemall,5262014279,1,0.0,0.846,0.154,0.4939
576,com.ohmgames.smashthemall,5261702418,1,0.147,0.815,0.038,-0.7574
577,com.ohmgames.smashthemall,5261690611,1,0.0,1.0,0.0,0.0
578,com.ohmgames.smashthemall,5261683748,2,0.223,0.648,0.129,-0.8771
579,com.ohmgames.smashthemall,5261580677,4,0.0,0.588,0.412,0.4215
580,com.ohmgames.smashthemall,5261567603,5,0.0,1.0,0.0,0.0
581,com.ohmgames.smashthemall,5261523197,4,0.066,0.676,0.258,0.9266
582,com.ohmgames.smashthemall,5261518360,5,0.358,0.484,0.158,-0.6758
583,com.ohmgames.smashthemall,5261484180,3,0.0,0.744,0.256,0.8057
584,com.ohmgames.smashthemall,5261314071,3,0.0,0.831,0.169,0.9127
585,com.ohmgames.smashthemall,5261296578,5,0.147,0.489,0.364,0.7096
586,com.ohmgames.smashthemall,5261191985,3,0.073,0.8,0.127,0.4242
587,com.ohmgames.smashthemall,5261110832,5,0.0,0.55,0.45,0.8115
588,com.ohmgames.smashthemall,5261020612,5,0.113,0.628,0.259,0.8884
589,com.ohmgames.smashthemall,5260946220,1,0.0,1.0,0.0,0.0
590,com.ohmgames.smashthemall,5260749838,1,0.0,0.782,0.218,0.6597
591,com.ohmgames.smashthemall,5260635157,5,0.0,0.68,0.32,0.9771
592,com.ohmgames.smashthemall,5260406133,1,0.085,0.677,0.239,0.5648
593,com.ohmgames.smashthemall,5260298231,1,0.0,0.837,0.163,0.2846
594,com.ohmgames.smashthemall,5260244909,2,0.223,0.66,0.117,-0.8277
595,com.ohmgames.smashthemall,5260194797,1,0.152,0.633,0.215,0.404
596,com.ohmgames.smashthemall,5259974970,1,0.178,0.777,0.045,-0.6486
597,com.ohmgames.smashthemall,5259880369,3,0.328,0.587,0.084,-0.8039
598,com.ohmgames.smashthemall,5259338960,4,0.0,0.487,0.513,0.7405
599,com.ohmgames.smashthemall,5258913238,2,0.0,1.0,0.0,0.0
600,com.ohmgames.smashthemall,5258884825,1,0.0,1.0,0.0,0.0
601,com.ohmgames.smashthemall,5258410043,1,0.281,0.719,0.0,-0.6908
602,com.ohmgames.smashthemall,5258143922,1,0.287,0.646,0.067,-0.7798
603,com.ohmgames.smashthemall,5258000647,5,0.0,0.348,0.652,0.8176
604,com.ohmgames.smashthemall,5257924286,2,0.02,0.798,0.182,0.8689
605,com.ohmgames.smashthemall,5257779291,1,0.093,0.73,0.177,0.7428
606,com.ohmgames.smashthemall,5257760269,5,0.225,0.665,0.11,-0.8841
607,com.ohmgames.smashthemall,5257730461,1,0.155,0.774,0.071,-0.8126
608,com.ohmgames.smashthemall,5257717954,5,0.07,0.668,0.262,0.9269
609,com.ohmgames.smashthemall,5257715756,2,0.077,0.858,0.064,-0.0092
610,com.ohmgames.smashthemall,5257641337,5,0.073,0.819,0.108,0.2023
611,com.ohmgames.smashthemall,5257598591,1,0.0,0.821,0.179,0.34
612,com.ohmgames.smashthemall,5257591920,1,0.1,0.837,0.063,-0.3029
613,com.ohmgames.smashthemall,5257549573,5,0.0,0.376,0.624,0.8519
614,com.ohmgames.smashthemall,5257485667,3,0.0,1.0,0.0,0.0
615,com.ohmgames.smashthemall,5257447162,5,0.0,0.315,0.685,0.8707
616,com.ohmgames.smashthemall,5257436747,1,0.289,0.461,0.25,-0.1531
617,com.ohmgames.smashthemall,5257435489,5,0.031,0.847,0.122,0.8164
618,com.ohmgames.smashthemall,5257385196,4,0.113,0.765,0.122,-0.1927
619,com.ohmgames.smashthemall,5257299522,1,0.0,0.83,0.17,0.7906
620,com.ohmgames.smashthemall,5257174911,1,0.183,0.696,0.121,-0.5767
621,com.ohmgames.smashthemall,5257041217,1,0.463,0.537,0.0,-0.7845
622,com.ohmgames.smashthemall,5256918492,5,0.064,0.748,0.188,0.8381
623,com.ohmgames.smashthemall,5256717172,1,0.095,0.905,0.0,-0.25
624,com.ohmgames.smashthemall,5256359581,2,0.176,0.824,0.0,-0.4576
625,com.ohmgames.smashthemall,5256186229,2,0.251,0.749,0.0,-0.9142
626,com.ohmgames.smashthemall,5255994051,1,0.221,0.574,0.205,-0.0516
627,com.ohmgames.smashthemall,5255879364,1,0.0,0.757,0.243,0.6249
628,com.ohmgames.smashthemall,5255704137,5,0.0,1.0,0.0,0.0
629,com.ohmgames.smashthemall,5255663742,1,0.0,1.0,0.0,0.0
630,com.ohmgames.smashthemall,5255599187,5,0.0,0.576,0.424,0.973
631,com.ohmgames.smashthemall,5255576452,2,0.0,0.89,0.11,0.1531
632,com.ohmgames.smashthemall,5255531916,1,0.0,0.691,0.309,0.9298
633,com.ohmgames.smashthemall,5255481529,1,0.0,1.0,0.0,0.0
634,com.ohmgames.smashthemall,5255441726,1,0.231,0.549,0.22,-0.3453
635,com.ohmgames.smashthemall,5255396884,3,0.0,0.765,0.235,0.5574
636,com.ohmgames.smashthemall,5255107302,1,0.124,0.752,0.124,-0.0018
637,com.ohmgames.smashthemall,5254992795,1,0.536,0.464,0.0,-0.7867
638,com.ohmgames.smashthemall,5254469170,1,0.199,0.713,0.088,-0.854
639,com.ohmgames.smashthemall,5254447572,2,0.197,0.74,0.063,-0.7998
640,com.ohmgames.smashthemall,5254377567,4,0.23,0.436,0.334,0.3956
641,com.ohmgames.smashthemall,5254236631,3,0.0,0.749,0.251,0.7494
642,com.ohmgames.smashthemall,5254132182,5,0.055,0.856,0.089,0.1521
643,com.ohmgames.smashthemall,5254034304,1,0.0,0.774,0.226,0.5859
644,com.ohmgames.smashthemall,5253995319,1,0.046,0.68,0.274,0.9411
645,com.ohmgames.smashthemall,5253895408,1,0.108,0.815,0.077,-0.431
646,com.ohmgames.smashthemall,5253802775,5,0.0,0.0,1.0,0.7003
647,com.ohmgames.smashthemall,5253733690,5,0.0,0.36,0.64,0.7964
648,com.ohmgames.smashthemall,5253732993,1,0.231,0.544,0.224,-0.0258
649,com.ohmgames.smashthemall,5253694456,2,0.097,0.846,0.057,-0.3113
650,com.ohmgames.smashthemall,5254132182,5,0.055,0.856,0.089,0.1521
651,com.ohmgames.smashthemall,5254034304,1,0.0,0.774,0.226,0.5859
652,com.ohmgames.smashthemall,5253995319,1,0.046,0.68,0.274,0.9411
653,com.ohmgames.smashthemall,5253895408,1,0.108,0.815,0.077,-0.431
654,com.ohmgames.smashthemall,5253802775,5,0.0,0.0,1.0,0.7003
655,com.ohmgames.smashthemall,5253733690,5,0.0,0.36,0.64,0.7964
656,com.ohmgames.smashthemall,5253732993,1,0.231,0.544,0.224,-0.0258
657,com.ohmgames.smashthemall,5253694456,2,0.097,0.846,0.057,-0.3113
658,com.ohmgames.smashthemall,5253562512,4,0.0,0.609,0.391,0.8832
659,com.ohmgames.smashthemall,5253554557,2,0.11,0.823,0.067,-0.528
660,com.ohmgames.smashthemall,5253484017,2,0.778,0.222,0.0,-0.7906
661,com.ohmgames.smashthemall,5253458919,2,0.213,0.659,0.129,-0.3406
662,com.ohmgames.smashthemall,5253456598,1,0.0,1.0,0.0,0.0
663,com.ohmgames.smashthemall,5253115622,2,0.0,1.0,0.0,0.0
664,com.ohmgames.smashthemall,5253109949,2,0.27,0.73,0.0,-0.5719
665,com.ohmgames.smashthemall,5252754478,1,0.229,0.67,0.101,-0.5423
666,com.ohmgames.smashthemall,5252672166,1,0.0,1.0,0.0,0.0
667,com.ohmgames.smashthemall,5252551676,2,0.269,0.583,0.148,-0.4019
668,com.ohmgames.smashthemall,5252514489,2,0.135,0.77,0.095,-0.8052
669,com.ohmgames.smashthemall,5252425614,2,0.236,0.686,0.078,-0.7506
670,com.ohmgames.smashthemall,5251971374,1,0.0,1.0,0.0,0.0
671,com.ohmgames.smashthemall,5251284390,2,0.159,0.649,0.192,0.2732
672,com.ohmgames.smashthemall,5251166656,1,0.162,0.838,0.0,-0.5696
673,com.ohmgames.smashthemall,5251058627,1,0.0,0.866,0.134,0.8676
674,com.ohmgames.smashthemall,5250846170,2,0.143,0.746,0.112,-0.1779
675,com.ohmgames.smashthemall,5250693507,1,0.168,0.611,0.221,0.1779
676,com.ohmgames.smashthemall,5250688945,1,0.085,0.724,0.19,0.8053
677,com.ohmgames.smashthemall,5250511676,5,0.0,0.828,0.172,0.3612
678,com.ohmgames.smashthemall,5250507874,3,0.169,0.686,0.146,-0.1027
679,com.ohmgames.smashthemall,5250502900,1,0.215,0.741,0.044,-0.7263
680,com.ohmgames.smashthemall,5250394893,3,0.0,1.0,0.0,0.0
681,com.ohmgames.smashthemall,5250358098,1,0.175,0.825,0.0,-0.7783
682,com.ohmgames.smashthemall,5250333915,1,0.0,0.849,0.151,0.8512
683,com.ohmgames.smashthemall,5250331995,1,0.139,0.861,0.0,-0.2732
684,com.ohmgames.smashthemall,5250310533,1,0.221,0.673,0.106,-0.8904
685,com.ohmgames.smashthemall,5250295437,1,0.0,1.0,0.0,0.0
686,com.ohmgames.smashthemall,5250249179,1,0.056,0.858,0.086,0.1548
687,com.ohmgames.smashthemall,5250203934,1,0.199,0.597,0.204,0.0543
688,com.ohmgames.smashthemall,5250169877,2,0.178,0.632,0.19,0.0516
689,com.ohmgames.smashthemall,5250049659,5,0.182,0.331,0.488,0.5719
690,com.ohmgames.smashthemall,5250016898,1,0.05,0.888,0.062,0.1027
691,com.ohmgames.smashthemall,5249970853,1,0.0,1.0,0.0,0.0
692,com.ohmgames.smashthemall,5249905145,3,0.0,0.727,0.273,0.9371
693,com.ohmgames.smashthemall,5249870239,2,0.0,0.848,0.152,0.2846
694,com.ohmgames.smashthemall,5249791397,3,0.0,0.728,0.272,0.765
695,com.ohmgames.smashthemall,5249467885,1,0.0,0.906,0.094,0.34
696,com.ohmgames.smashthemall,5249430564,3,0.0,0.671,0.329,0.6597
697,com.ohmgames.smashthemall,5249361421,3,0.0,1.0,0.0,0.0
698,com.ohmgames.smashthemall,5249338762,1,0.0,0.895,0.105,0.5106
699,com.ohmgames.smashthemall,5249307352,2,0.033,0.783,0.183,0.8705
700,com.ohmgames.smashthemall,5247472042,2,0.115,0.663,0.222,0.8554
701,com.ohmgames.smashthemall,5247311775,2,0.287,0.537,0.176,-0.8134
702,com.ohmgames.smashthemall,5247294196,1,0.0,0.785,0.215,0.8126
703,com.ohmgames.smashthemall,5247161235,1,0.0,0.847,0.153,0.2023
704,com.ohmgames.smashthemall,5247005190,5,0.0,1.0,0.0,0.0
705,com.ohmgames.smashthemall,5246935260,2,0.315,0.627,0.059,-0.886
706,com.ohmgames.smashthemall,5246930821,1,0.0,1.0,0.0,0.0
707,com.ohmgames.smashthemall,5246854286,5,0.0,0.513,0.487,0.6908
708,com.ohmgames.smashthemall,5246809759,4,0.0,1.0,0.0,0.0
709,com.ohmgames.smashthemall,5246608501,1,0.0,0.871,0.129,0.5526
710,com.ohmgames.smashthemall,5246547594,5,0.0,0.756,0.244,0.3786
711,com.ohmgames.smashthemall,5246418321,2,0.183,0.566,0.251,0.1308
712,com.ohmgames.smashthemall,5246410620,3,0.241,0.678,0.081,-0.7391
713,com.ohmgames.smashthemall,5246403816,2,0.055,0.612,0.334,0.9682
714,com.ohmgames.smashthemall,5246173266,3,0.0,0.94,0.06,0.2023
715,com.ohmgames.smashthemall,5246101232,5,0.028,0.602,0.37,0.9829
716,com.ohmgames.smashthemall,5246038999,1,0.167,0.648,0.185,0.2732
717,com.ohmgames.smashthemall,5246019999,1,0.0,0.775,0.225,0.4404
718,com.ohmgames.smashthemall,5245972362,3,0.12,0.665,0.214,0.1406
719,com.ohmgames.smashthemall,5245783904,1,0.179,0.703,0.118,-0.4747
720,com.ohmgames.smashthemall,5245708534,5,0.0,0.196,0.804,0.6249
721,com.ohmgames.smashthemall,5245536418,5,0.129,0.508,0.362,0.7213
722,com.ohmgames.smashthemall,5245439051,5,0.0,0.543,0.457,0.6369
723,com.ohmgames.smashthemall,5245377925,5,0.0,0.542,0.458,0.9577
724,com.ohmgames.smashthemall,5245371543,1,0.049,0.878,0.074,0.2617
725,com.ohmgames.smashthemall,5245222862,4,0.0,0.782,0.218,0.2382
726,com.ohmgames.smashthemall,5245196284,3,0.0,0.516,0.484,0.8834
727,com.ohmgames.smashthemall,5245194511,1,0.216,0.784,0.0,-0.913
728,com.ohmgames.smashthemall,5245191522,1,0.077,0.756,0.166,0.5478
729,com.ohmgames.smashthemall,5245168876,4,0.0,0.909,0.091,0.3174
730,com.ohmgames.smashthemall,5245044235,1,0.146,0.664,0.189,0.4882
731,com.ohmgames.smashthemall,5244963830,1,0.0,1.0,0.0,0.0
732,com.ohmgames.smashthemall,5244906557,1,0.041,0.793,0.167,0.8858
733,com.ohmgames.smashthemall,5244747346,2,0.231,0.769,0.0,-0.3415
734,com.ohmgames.smashthemall,5244611423,5,0.066,0.78,0.153,0.4588
735,com.ohmgames.smashthemall,5244610458,2,0.18,0.82,0.0,-0.296
736,com.ohmgames.smashthemall,5244599496,1,0.035,0.716,0.248,0.967
737,com.ohmgames.smashthemall,5244587437,1,0.0,1.0,0.0,0.0
738,com.ohmgames.smashthemall,5244585320,1,0.0,0.835,0.165,0.8248
739,com.ohmgames.smashthemall,5244566021,4,0.098,0.772,0.131,-0.1016
740,com.ohmgames.smashthemall,5244537897,2,0.03,0.824,0.147,0.7269
741,com.ohmgames.smashthemall,5244533151,3,0.093,0.743,0.163,0.394
742,com.ohmgames.smashthemall,5244433941,3,0.0,0.797,0.203,0.836
743,com.ohmgames.smashthemall,5244433443,3,0.154,0.759,0.087,-0.6416
744,com.ohmgames.smashthemall,5244255288,3,0.12,0.689,0.192,0.6357
745,com.ohmgames.smashthemall,5243927733,3,0.08,0.727,0.194,0.9423
746,com.ohmgames.smashthemall,5243730696,3,0.334,0.606,0.059,-0.8998
747,com.ohmgames.smashthemall,5243696028,4,0.141,0.763,0.097,-0.6808
748,com.ohmgames.smashthemall,5243600634,1,0.0,0.934,0.066,0.5386
749,com.ohmgames.smashthemall,5243086740,2,0.292,0.708,0.0,-0.8943
750,com.ohmgames.smashthemall,5244433941,3,0.0,0.797,0.203,0.836
751,com.ohmgames.smashthemall,5244433443,3,0.154,0.759,0.087,-0.6416
752,com.ohmgames.smashthemall,5244255288,3,0.12,0.689,0.192,0.6357
753,com.ohmgames.smashthemall,5243927733,3,0.08,0.727,0.194,0.9423
754,com.ohmgames.smashthemall,5243730696,3,0.334,0.606,0.059,-0.8998
755,com.ohmgames.smashthemall,5243696028,4,0.141,0.763,0.097,-0.6808
756,com.ohmgames.smashthemall,5243600634,1,0.0,0.934,0.066,0.5386
757,com.ohmgames.smashthemall,5243086740,2,0.292,0.708,0.0,-0.8943
758,com.ohmgames.smashthemall,5242756756,1,0.127,0.652,0.221,0.9065
759,com.ohmgames.smashthemall,5242743814,1,0.279,0.672,0.048,-0.9
760,com.ohmgames.smashthemall,5242636116,1,0.097,0.828,0.075,-0.3323
761,com.ohmgames.smashthemall,5242575898,1,0.365,0.635,0.0,-0.902
762,com.ohmgames.smashthemall,5242551160,1,0.0,0.706,0.294,0.6124
763,com.ohmgames.smashthemall,5242539523,1,0.0,1.0,0.0,0.0
764,com.ohmgames.smashthemall,5242473598,5,0.0,0.324,0.676,0.91
765,com.ohmgames.smashthemall,5242360641,5,0.0,0.379,0.621,0.8967
766,com.ohmgames.smashthemall,5242263133,3,0.142,0.808,0.05,-0.5106
767,com.ohmgames.smashthemall,5242244528,1,0.0,0.893,0.107,0.2023
768,com.ohmgames.smashthemall,5242243792,1,0.093,0.788,0.118,-0.1263
769,com.ohmgames.smashthemall,5242203881,1,0.111,0.844,0.045,-0.4767
770,com.ohmgames.smashthemall,5242177661,4,0.0,0.655,0.345,0.9018
771,com.ohmgames.smashthemall,5242175698,1,0.0,0.848,0.152,0.3612
772,com.ohmgames.smashthemall,5242170507,1,0.141,0.731,0.128,-0.406
773,com.ohmgames.smashthemall,5242169884,1,0.0,1.0,0.0,0.0
774,com.ohmgames.smashthemall,5242093717,3,0.103,0.897,0.0,-0.4576
775,com.ohmgames.smashthemall,5242090853,2,0.059,0.835,0.105,0.2732
776,com.ohmgames.smashthemall,5242050977,2,0.0,1.0,0.0,0.0
777,com.ohmgames.smashthemall,5241903646,1,0.024,0.909,0.068,0.5346
778,com.ohmgames.smashthemall,5241858977,2,0.111,0.811,0.078,-0.0305
779,com.ohmgames.smashthemall,5241839932,2,0.163,0.641,0.197,0.1253
780,com.ohmgames.smashthemall,5241809023,3,0.129,0.871,0.0,-0.4782
781,com.ohmgames.smashthemall,5241806867,3,0.055,0.769,0.176,0.4576
782,com.ohmgames.smashthemall,5241745578,2,0.133,0.834,0.034,-0.5847
783,com.ohmgames.smashthemall,5241742436,3,0.0,0.82,0.18,0.6908
784,com.ohmgames.smashthemall,5241700699,1,0.366,0.634,0.0,-0.8176
785,com.ohmgames.smashthemall,5241686796,1,0.081,0.742,0.177,0.6883
786,com.ohmgames.smashthemall,5241559994,3,0.0,1.0,0.0,0.0
787,com.ohmgames.smashthemall,5241541916,2,0.139,0.861,0.0,-0.5719
788,com.ohmgames.smashthemall,5241516543,1,0.112,0.697,0.191,0.3786
789,com.ohmgames.smashthemall,5241413053,1,0.0,1.0,0.0,0.0
790,com.ohmgames.smashthemall,5241369654,1,0.086,0.746,0.168,0.6757
791,com.ohmgames.smashthemall,5241326631,1,0.0,0.952,0.048,0.1027
792,com.ohmgames.smashthemall,5241317493,2,0.068,0.827,0.105,0.128
793,com.ohmgames.smashthemall,5241311456,1,0.164,0.711,0.126,-0.3455
794,com.ohmgames.smashthemall,5241289387,1,0.236,0.596,0.169,-0.4627
795,com.ohmgames.smashthemall,5241246984,1,0.09,0.761,0.149,0.7506
796,com.ohmgames.smashthemall,5241058356,2,0.177,0.713,0.109,-0.6003
797,com.ohmgames.smashthemall,5241055292,1,0.096,0.799,0.105,0.079
798,com.ohmgames.smashthemall,5241040926,2,0.209,0.61,0.181,-0.3381
799,com.ohmgames.smashthemall,5241019606,1,0.0,0.958,0.042,0.1926
800,com.ohmgames.smashthemall,5241012954,1,0.0,0.853,0.147,0.6908
801,com.ohmgames.smashthemall,5240968035,1,0.0,1.0,0.0,0.0
802,com.ohmgames.smashthemall,5240806817,1,0.125,0.641,0.234,0.5429
803,com.ohmgames.smashthemall,5240725150,1,0.05,0.824,0.126,0.5499
804,com.ohmgames.smashthemall,5240669659,5,0.0,0.613,0.387,0.6901
805,com.ohmgames.smashthemall,5240642613,3,0.0,1.0,0.0,0.0
806,com.ohmgames.smashthemall,5240610557,1,0.157,0.652,0.191,0.1868
807,com.ohmgames.smashthemall,5240604399,1,0.307,0.693,0.0,-0.8519
808,com.ohmgames.smashthemall,5240578259,3,0.0,0.837,0.163,0.6428
809,com.ohmgames.smashthemall,5240139543,1,0.052,0.948,0.0,-0.1531
810,com.ohmgames.smashthemall,5240108394,1,0.0,1.0,0.0,0.0
811,com.ohmgames.smashthemall,5240095939,2,0.0,0.832,0.168,0.5913
812,com.ohmgames.smashthemall,5239907109,3,0.0,0.855,0.145,0.6249
813,com.ohmgames.smashthemall,5239822861,2,0.036,0.829,0.135,0.8818
814,com.ohmgames.smashthemall,5239635959,2,0.092,0.85,0.057,-0.34
815,com.ohmgames.smashthemall,5239574781,1,0.042,0.728,0.23,0.8057
816,com.ohmgames.smashthemall,5239378134,2,0.367,0.507,0.127,-0.9075
817,com.ohmgames.smashthemall,5239363797,1,0.083,0.826,0.092,-0.1415
818,com.ohmgames.smashthemall,5239112023,1,0.113,0.672,0.215,0.8027
819,com.ohmgames.smashthemall,5238776947,1,0.104,0.814,0.081,-0.128
820,com.ohmgames.smashthemall,5238736138,1,0.111,0.754,0.135,0.501
821,com.ohmgames.smashthemall,5238679490,1,0.127,0.717,0.156,0.1759
822,com.ohmgames.smashthemall,5238677233,1,0.086,0.847,0.067,-0.1779
823,com.ohmgames.smashthemall,5238504838,1,0.134,0.726,0.14,0.599
824,com.ohmgames.smashthemall,5238483760,2,0.192,0.659,0.149,-0.3069
825,com.ohmgames.smashthemall,5238468839,1,0.239,0.691,0.069,-0.7326
826,com.ohmgames.smashthemall,5238407138,5,0.0,0.746,0.254,0.4111
827,com.ohmgames.smashthemall,5238383976,3,0.339,0.661,0.0,-0.3736
828,com.ohmgames.smashthemall,5238337483,2,0.0,0.837,0.163,0.5106
829,com.ohmgames.smashthemall,5238337021,1,0.1,0.649,0.25,0.8128
830,com.ohmgames.smashthemall,5238285856,1,0.079,0.807,0.114,0.4404
831,com.ohmgames.smashthemall,5238261988,3,0.0,0.41,0.59,0.6956
832,com.ohmgames.smashthemall,5238254099,5,0.0,0.532,0.468,0.8316
833,com.ohmgames.smashthemall,5238252942,1,0.128,0.816,0.056,-0.4299
834,com.ohmgames.smashthemall,5238008054,4,0.084,0.636,0.28,0.8788
835,com.ohmgames.smashthemall,5238000506,2,0.247,0.753,0.0,-0.7814
836,com.ohmgames.smashthemall,5237961279,5,0.0,0.274,0.726,0.8383
837,com.ohmgames.smashthemall,5237883760,5,0.0,0.161,0.839,0.6369
838,com.ohmgames.smashthemall,5237824455,3,0.0,0.697,0.303,0.84
839,com.ohmgames.smashthemall,5237792302,1,0.083,0.765,0.153,0.3164
840,com.ohmgames.smashthemall,5237749415,1,0.202,0.798,0.0,-0.765
841,com.ohmgames.smashthemall,5237742006,3,0.0,0.804,0.196,0.2382
842,com.ohmgames.smashthemall,5237734618,4,0.12,0.711,0.169,-0.4812
843,com.ohmgames.smashthemall,5237575495,1,0.474,0.526,0.0,-0.4019
844,com.ohmgames.smashthemall,5237549984,1,0.215,0.679,0.105,-0.6908
845,com.ohmgames.smashthemall,5237313008,2,0.0,0.791,0.209,0.7468
846,com.ohmgames.smashthemall,5237255140,1,0.0,0.739,0.261,0.611
847,com.ohmgames.smashthemall,5237047102,1,0.0,0.58,0.42,0.4404
848,com.ohmgames.smashthemall,5236910119,1,0.0,0.755,0.245,0.7022
849,com.ohmgames.smashthemall,5236815665,1,0.131,0.735,0.134,0.0129
850,com.ohmgames.smashthemall,5236521627,1,0.082,0.859,0.06,-0.2023
851,com.ohmgames.smashthemall,5236438162,1,0.0,0.798,0.202,0.5106
852,com.ohmgames.smashthemall,5236199604,2,0.144,0.628,0.228,0.6124
853,com.ohmgames.smashthemall,5236080036,1,0.122,0.819,0.06,-0.3612
854,com.ohmgames.smashthemall,5235952832,1,0.0,0.863,0.137,0.3716
855,com.ohmgames.smashthemall,5235212355,5,0.102,0.67,0.227,0.7717
856,com.ohmgames.smashthemall,5234977479,1,0.0,0.909,0.091,0.34
857,com.ohmgames.smashthemall,5234642484,2,0.365,0.635,0.0,-0.3182
858,com.ohmgames.smashthemall,5234634908,1,0.11,0.771,0.118,0.039
859,com.ohmgames.smashthemall,5234404429,5,0.099,0.482,0.418,0.8378
860,com.ohmgames.smashthemall,5234188711,5,0.061,0.69,0.249,0.7782
861,com.ohmgames.smashthemall,5234103839,1,0.459,0.541,0.0,-0.5267
862,com.ohmgames.smashthemall,5233857723,5,0.0,1.0,0.0,0.0
863,com.ohmgames.smashthemall,5233732960,4,0.0,1.0,0.0,0.0
864,com.ohmgames.smashthemall,5233623973,2,0.041,0.794,0.165,0.6369
865,com.ohmgames.smashthemall,5233521553,1,0.0,0.765,0.235,0.7896
866,com.ohmgames.smashthemall,5232831871,5,0.276,0.276,0.447,0.7146
867,com.ohmgames.smashthemall,5232815789,3,0.106,0.458,0.436,0.9102
868,com.ohmgames.smashthemall,5232688671,3,0.0,1.0,0.0,0.0
869,com.ohmgames.smashthemall,5231252467,3,0.087,0.778,0.135,0.5651
870,com.ohmgames.smashthemall,5231029341,1,0.0,0.508,0.492,0.7003
871,com.ohmgames.smashthemall,5230993848,1,0.133,0.602,0.265,0.2716
872,com.ohmgames.smashthemall,5230644386,5,0.0,0.688,0.312,0.7096
873,com.ohmgames.smashthemall,5230572128,5,0.0,1.0,0.0,0.0
874,com.ohmgames.smashthemall,5230562528,1,0.055,0.687,0.258,0.8617
875,com.ohmgames.smashthemall,5230479180,5,0.0,0.702,0.298,0.8176
876,com.ohmgames.smashthemall,5230467007,5,0.087,0.467,0.446,0.8574
877,com.ohmgames.smashthemall,5230088933,4,0.176,0.688,0.136,-0.4945
878,com.ohmgames.smashthemall,5230087599,3,0.0,1.0,0.0,0.0
879,com.ohmgames.smashthemall,5230047726,5,0.0,0.503,0.497,0.8715
880,com.ohmgames.smashthemall,5229906872,5,0.0,0.755,0.245,0.5994
881,com.ohmgames.smashthemall,5229845194,1,0.0,1.0,0.0,0.0
882,com.ohmgames.smashthemall,5229816462,3,0.267,0.543,0.19,-0.4215
883,com.ohmgames.smashthemall,5229666266,2,0.0,0.795,0.205,0.8422
884,com.ohmgames.smashthemall,5229224393,2,0.0,0.788,0.212,0.6249
885,com.ohmgames.smashthemall,5228976900,2,0.0,0.893,0.107,0.34
886,com.ohmgames.smashthemall,5227870362,1,0.07,0.692,0.237,0.8147
887,com.ohmgames.smashthemall,5227750879,2,0.0,1.0,0.0,0.0
888,com.ohmgames.smashthemall,5227071941,2,0.162,0.71,0.127,-0.5839
889,com.ohmgames.smashthemall,5226995368,1,0.0,0.691,0.309,0.7003
890,com.ohmgames.smashthemall,5226828861,4,0.335,0.497,0.168,-0.6566
891,com.ohmgames.smashthemall,5226724695,1,0.308,0.663,0.029,-0.9634
892,com.ohmgames.smashthemall,5226479256,5,0.055,0.804,0.142,0.466
893,com.ohmgames.smashthemall,5226441881,5,0.0,0.497,0.503,0.921
894,com.ohmgames.smashthemall,5225992057,5,0.0,1.0,0.0,0.0
895,com.ohmgames.smashthemall,5225097470,5,0.0,0.543,0.457,0.6369
896,com.ohmgames.smashthemall,5225075756,4,0.0,0.732,0.268,0.5106
897,com.ohmgames.smashthemall,5224180639,1,0.077,0.737,0.186,0.4767
898,com.ohmgames.smashthemall,5224125292,5,0.052,0.683,0.266,0.9117
899,com.ohmgames.smashthemall,5223944414,1,0.385,0.504,0.11,-0.9335
900,com.ohmgames.smashthemall,5223622857,5,0.0,0.312,0.688,0.765
901,com.ohmgames.smashthemall,5223473961,5,0.0,0.769,0.231,0.6369
902,com.ohmgames.smashthemall,5223148941,5,0.103,0.617,0.28,0.8625
903,com.ohmgames.smashthemall,5222949139,1,0.0,1.0,0.0,0.0
904,com.ohmgames.smashthemall,5222924891,5,0.019,0.766,0.215,0.9526
905,com.ohmgames.smashthemall,5222923223,1,0.0,0.789,0.211,0.34
906,com.ohmgames.smashthemall,5222899063,3,0.173,0.653,0.174,0.0052
907,com.ohmgames.smashthemall,5222760006,1,0.0,1.0,0.0,0.0
908,com.ohmgames.smashthemall,5222755512,5,0.047,0.482,0.472,0.9907
909,com.ohmgames.smashthemall,5222254883,5,0.0,0.408,0.592,0.4404
910,com.ohmgames.smashthemall,5222232760,5,0.0,0.222,0.778,0.7902
911,com.ohmgames.smashthemall,5222222927,5,0.0,0.709,0.291,0.8818
912,com.ohmgames.smashthemall,5222097464,5,0.136,0.696,0.168,0.25
913,com.ohmgames.smashthemall,5221876842,2,0.063,0.776,0.161,0.5859
914,com.ohmgames.smashthemall,5221809427,5,0.0,0.585,0.415,0.7163
915,com.ohmgames.smashthemall,5221751702,1,0.09,0.705,0.205,0.4215
916,com.ohmgames.smashthemall,5221498986,4,0.0,0.65,0.35,0.5826
917,com.ohmgames.smashthemall,5221447268,5,0.0,1.0,0.0,0.0
918,com.ohmgames.smashthemall,5221372756,2,0.059,0.563,0.378,0.9349
919,com.ohmgames.smashthemall,5221306593,5,0.106,0.714,0.179,0.6694
920,com.ohmgames.smashthemall,5219364159,4,0.03,0.722,0.248,0.9027
921,com.ohmgames.smashthemall,5219251230,5,0.078,0.707,0.216,0.7238
922,com.ohmgames.smashthemall,5219189258,5,0.0,0.66,0.34,0.8834
923,com.ohmgames.smashthemall,5219092995,5,0.0,0.762,0.238,0.4102
924,com.ohmgames.smashthemall,5218815507,5,0.0,0.59,0.41,0.5376
925,com.ohmgames.smashthemall,5218729860,5,0.0,0.817,0.183,0.8517
926,com.ohmgames.smashthemall,5218527372,5,0.105,0.895,0.0,-0.4019
927,com.ohmgames.smashthemall,5218501791,5,0.0,0.196,0.804,0.8481
928,com.ohmgames.smashthemall,5218489377,2,0.115,0.672,0.212,0.9102
929,com.ohmgames.smashthemall,5218434069,3,0.14,0.711,0.149,-0.1531
930,com.ohmgames.smashthemall,5218404812,5,0.0,0.587,0.413,0.9057
931,com.ohmgames.smashthemall,5218308720,5,0.019,0.757,0.224,0.9843
932,com.ohmgames.smashthemall,5218197881,5,0.0,0.423,0.577,0.6249
933,com.ohmgames.smashthemall,5217919086,5,0.072,0.856,0.072,0.2548
934,com.ohmgames.smashthemall,5217542169,1,0.432,0.507,0.061,-0.8994
935,com.ohmgames.smashthemall,5217312826,5,0.0,0.393,0.607,0.8957
936,com.ohmgames.smashthemall,5216681767,5,0.104,0.579,0.317,0.6705
937,com.ohmgames.smashthemall,5216566910,5,0.0,0.41,0.59,0.9666
938,com.ohmgames.smashthemall,5216239777,4,0.0,0.701,0.299,0.8775
939,com.ohmgames.smashthemall,5215236865,3,0.061,0.939,0.0,-0.0258
940,com.ohmgames.smashthemall,5215043512,5,0.0,0.441,0.559,0.5859
941,com.ohmgames.smashthemall,5214873057,4,0.11,0.706,0.183,0.4885
942,com.ohmgames.smashthemall,5214654675,5,0.0,0.276,0.724,0.8582
943,com.ohmgames.smashthemall,5214606753,2,0.138,0.77,0.092,-0.565
944,com.ohmgames.smashthemall,5214602762,4,0.37,0.44,0.19,-0.5346
945,com.ohmgames.smashthemall,5214312062,4,0.0,0.68,0.32,0.8957
946,com.ohmgames.smashthemall,5214169441,3,0.223,0.575,0.202,-0.3551
947,com.ohmgames.smashthemall,5214105526,5,0.0,0.527,0.473,0.6696
948,com.ohmgames.smashthemall,5213670924,5,0.0,1.0,0.0,0.0
949,com.ohmgames.smashthemall,5213455490,5,0.0,0.551,0.449,0.8911
950,com.ohmgames.smashthemall,5213298149,1,0.0,1.0,0.0,0.0
951,com.ohmgames.smashthemall,5213295736,1,0.0,0.71,0.29,0.5673
952,com.ohmgames.smashthemall,5213049959,5,0.198,0.479,0.323,0.2732
953,com.ohmgames.smashthemall,5212913455,5,0.0,0.61,0.39,0.6671
954,com.ohmgames.smashthemall,5212448723,5,0.0,0.487,0.513,0.9682
955,com.ohmgames.smashthemall,5212440344,3,0.0,0.733,0.267,0.6947
956,com.ohmgames.smashthemall,5211895779,5,0.0,1.0,0.0,0.0
957,com.ohmgames.smashthemall,5210849447,2,0.0,0.831,0.169,0.6705
958,com.ohmgames.smashthemall,5210225468,3,0.318,0.682,0.0,-0.4083
959,com.ohmgames.smashthemall,5210044583,5,0.0,0.526,0.474,0.9341
960,com.ohmgames.smashthemall,5210037723,1,0.471,0.529,0.0,-0.836
961,com.ohmgames.smashthemall,5210022660,5,0.108,0.616,0.277,0.4927
962,com.ohmgames.smashthemall,5209282915,5,0.0,1.0,0.0,0.0
963,com.ohmgames.smashthemall,5209181087,5,0.088,0.585,0.328,0.763
964,com.ohmgames.smashthemall,5209082897,1,0.289,0.547,0.164,-0.3612
965,com.ohmgames.smashthemall,5209077273,1,0.113,0.837,0.05,-0.5984
966,com.ohmgames.smashthemall,5208917424,5,0.0,0.453,0.547,0.926
967,com.ohmgames.smashthemall,5208843478,5,0.0,0.683,0.317,0.7579
968,com.ohmgames.smashthemall,5208297498,5,0.0,0.711,0.289,0.899
969,com.ohmgames.smashthemall,5208279623,5,0.0,1.0,0.0,0.0
970,com.ohmgames.smashthemall,5208266630,5,0.062,0.585,0.354,0.9718
971,com.ohmgames.smashthemall,5208171521,1,0.577,0.423,0.0,-0.9326
972,com.ohmgames.smashthemall,5208131699,5,0.0,0.267,0.733,0.9001
973,com.ohmgames.smashthemall,5208071709,2,0.376,0.624,0.0,-0.3412
974,com.ohmgames.smashthemall,5208020163,5,0.0,0.283,0.717,0.765
975,com.ohmgames.smashthemall,5207882914,1,0.19,0.81,0.0,-0.8625
976,com.ohmgames.smashthemall,5207793701,1,0.039,0.813,0.149,0.8874
977,com.ohmgames.smashthemall,5207694438,5,0.0,0.539,0.461,0.882
978,com.ohmgames.smashthemall,5207415463,5,0.0,0.8,0.2,0.4588
979,com.ohmgames.smashthemall,5206671866,4,0.106,0.641,0.253,0.8634
980,com.ohmgames.smashthemall,5206498021,1,0.423,0.577,0.0,-0.5267
981,com.ohmgames.smashthemall,5206221737,3,0.0,0.68,0.32,0.5106
982,com.ohmgames.smashthemall,5206217309,5,0.0,0.196,0.804,0.6249
983,com.ohmgames.smashthemall,5206169086,3,0.0,0.657,0.343,0.9001
984,com.ohmgames.smashthemall,5205927093,4,0.021,0.818,0.161,0.9083
985,com.ohmgames.smashthemall,5205594707,2,0.046,0.861,0.093,0.8052
986,com.ohmgames.smashthemall,5204963533,5,0.0,0.413,0.587,0.7964
987,com.ohmgames.smashthemall,5204916655,5,0.0,1.0,0.0,0.0
988,com.ohmgames.smashthemall,5204899738,1,0.0,1.0,0.0,0.0
989,com.ohmgames.smashthemall,5204721064,5,0.384,0.257,0.359,-0.075
990,com.ohmgames.smashthemall,5204513601,1,0.332,0.56,0.108,-0.881
991,com.ohmgames.smashthemall,5203491283,4,0.0,1.0,0.0,0.0
992,com.ohmgames.smashthemall,5202362337,1,0.187,0.813,0.0,-0.3182
993,com.ohmgames.smashthemall,5201825900,5,0.075,0.802,0.122,0.5157
994,com.ohmgames.smashthemall,5200726069,5,0.0,0.207,0.793,0.91
995,com.ohmgames.smashthemall,5200464331,4,0.0,0.661,0.339,0.6249
996,com.ohmgames.smashthemall,5200385826,5,0.0,0.359,0.641,0.926
997,com.ohmgames.smashthemall,5199756775,1,0.082,0.773,0.146,0.3595
998,com.ohmgames.smashthemall,5198121223,5,0.0,0.603,0.397,0.93
999,com.ohmgames.smashthemall,5198006085,1,0.128,0.793,0.079,-0.1027
1000,com.protopiagames.forgeahead,5273404173,2,0.097,0.812,0.092,-0.0772
1001,com.protopiagames.forgeahead,5273327980,5,0.0,0.323,0.677,0.8555
1002,com.protopiagames.forgeahead,5273142141,4,0.073,0.783,0.144,0.7506
1003,com.protopiagames.forgeahead,5272928632,5,0.0,0.511,0.489,0.7717
1004,com.protopiagames.forgeahead,5272911987,1,0.201,0.63,0.17,0.0962
1005,com.protopiagames.forgeahead,5272830268,1,0.283,0.446,0.271,-0.0516
1006,com.protopiagames.forgeahead,5272798711,5,0.126,0.645,0.229,0.4939
1007,com.protopiagames.forgeahead,5272773165,5,0.0,0.881,0.119,0.3182
1008,com.protopiagames.forgeahead,5272766840,3,0.723,0.277,0.0,-0.6408
1009,com.protopiagames.forgeahead,5272691450,5,0.0,0.47,0.53,0.7845
1010,com.protopiagames.forgeahead,5272564348,2,0.176,0.766,0.058,-0.8456
1011,com.protopiagames.forgeahead,5272499127,4,0.07,0.679,0.251,0.9381
1012,com.protopiagames.forgeahead,5272457034,1,0.148,0.826,0.027,-0.7826
1013,com.protopiagames.forgeahead,5271891830,3,0.022,0.901,0.076,0.7684
1014,com.protopiagames.forgeahead,5271457602,4,0.049,0.492,0.459,0.9735
1015,com.protopiagames.forgeahead,5270787638,3,0.122,0.718,0.16,0.1779
1016,com.protopiagames.forgeahead,5269793345,5,0.047,0.773,0.18,0.9775
1017,com.protopiagames.forgeahead,5269714734,5,0.0,1.0,0.0,0.0
1018,com.protopiagames.forgeahead,5269599587,1,0.159,0.736,0.105,-0.4264
1019,com.protopiagames.forgeahead,5269545478,4,0.055,0.73,0.216,0.8793
1020,com.protopiagames.forgeahead,5269446151,1,0.0,1.0,0.0,0.0
1021,com.protopiagames.forgeahead,5269103572,1,0.095,0.742,0.163,0.4939
1022,com.protopiagames.forgeahead,5269004939,1,0.024,0.957,0.018,-0.154
1023,com.protopiagames.forgeahead,5268810673,3,0.0,0.924,0.076,0.762
1024,com.protopiagames.forgeahead,5268075930,1,0.19,0.64,0.17,-0.2045
1025,com.protopiagames.forgeahead,5267634755,4,0.085,0.681,0.234,0.8294
1026,com.protopiagames.forgeahead,5265572702,5,0.0,0.655,0.345,0.8591
1027,com.protopiagames.forgeahead,5265095975,4,0.084,0.841,0.075,-0.0772
1028,com.protopiagames.forgeahead,5263199878,1,0.349,0.651,0.0,-0.7096
1029,com.protopiagames.forgeahead,5262544131,1,0.068,0.909,0.023,-0.3818
1030,com.protopiagames.forgeahead,5262071330,3,0.114,0.746,0.14,-0.0258
1031,com.protopiagames.forgeahead,5261693990,1,0.239,0.761,0.0,-0.296
1032,com.protopiagames.forgeahead,5261473780,4,0.0,1.0,0.0,0.0
1033,com.protopiagames.forgeahead,5261451329,4,0.0,0.608,0.392,0.9382
1034,com.protopiagames.forgeahead,5261168874,2,0.037,0.801,0.163,0.9013
1035,com.protopiagames.forgeahead,5261147167,5,0.0,0.56,0.44,0.9648
1036,com.protopiagames.forgeahead,5261095766,5,0.0,0.606,0.394,0.9186
1037,com.protopiagames.forgeahead,5261085699,4,0.053,0.709,0.238,0.8862
1038,com.protopiagames.forgeahead,5257820703,2,0.064,0.845,0.091,0.4302
1039,com.protopiagames.forgeahead,5257076588,4,0.0,0.808,0.192,0.431
1040,com.protopiagames.forgeahead,5253325427,3,0.0,0.534,0.466,0.9815
1041,com.protopiagames.forgeahead,5252060381,3,0.072,0.756,0.171,0.6652
1042,com.protopiagames.forgeahead,5251176106,1,0.0,0.857,0.143,0.4603
1043,com.protopiagames.forgeahead,5250443709,4,0.02,0.735,0.245,0.959
1044,com.protopiagames.forgeahead,5249776108,4,0.0,0.787,0.213,0.4019
1045,com.protopiagames.forgeahead,5249537810,4,0.062,0.615,0.323,0.9268
1046,com.protopiagames.forgeahead,5246574758,5,0.101,0.81,0.089,-0.1211
1047,com.protopiagames.forgeahead,5243351146,4,0.0,0.817,0.183,0.9432
1048,com.protopiagames.forgeahead,5240839385,1,0.037,0.837,0.126,0.7906
1049,com.protopiagames.forgeahead,5238773215,3,0.0,0.602,0.398,0.765
1050,com.protopiagames.forgeahead,5238726797,4,0.0,0.705,0.295,0.7876
1051,com.protopiagames.forgeahead,5234965860,5,0.191,0.7,0.109,-0.2732
1052,com.protopiagames.forgeahead,5233648921,1,0.11,0.89,0.0,-0.3818
1053,com.protopiagames.forgeahead,5233206083,3,0.074,0.633,0.293,0.946
1054,com.protopiagames.forgeahead,5232493497,4,0.094,0.689,0.217,0.9648
1055,com.protopiagames.forgeahead,5232402501,1,0.088,0.912,0.0,-0.4404
1056,com.protopiagames.forgeahead,5222974678,3,0.0,0.696,0.304,0.9509
1057,com.protopiagames.forgeahead,5218554993,4,0.171,0.535,0.293,0.7713
1058,com.protopiagames.forgeahead,5210076767,3,0.038,0.676,0.286,0.9473
1059,com.protopiagames.forgeahead,5210001931,2,0.0,0.695,0.305,0.9231
1060,com.protopiagames.forgeahead,5201274130,5,0.144,0.856,0.0,-0.4019
1061,com.protopiagames.forgeahead,5200961976,4,0.0,0.786,0.214,0.8316
1062,com.protopiagames.forgeahead,5197372412,1,0.081,0.893,0.026,-0.4215
1063,com.protopiagames.forgeahead,5121571149,2,0.086,0.77,0.144,0.6546
1064,com.protopiagames.forgeahead,5113950627,2,0.0,1.0,0.0,0.0
1065,com.protopiagames.forgeahead,5106142641,2,0.282,0.513,0.205,-0.0516
1066,com.protopiagames.forgeahead,5099119678,3,0.0,0.714,0.286,0.34
